"original_value","curated_ontology","curated_ontology_term_id","curated_ontology_term_db"
"""BRAIN, CEREBELLUM""","Cerebellum","NCIT:C12445","NCIT"
"""BRAIN, LEFT FRONTAL""","Left<;>Frontal Lobe","NCIT:C25229<;>NCIT:C12352","NCIT"
"""BRAIN, PARIETAL""","Parietal Lobe","NCIT:C12354","NCIT"
"""BRAIN, RIGHT FRONTAL""","Right<;>Frontal Lobe","NCIT:C25228<;>NCIT:C12352","NCIT"
"""BRAIN, RIGHT TEMPORAL""","Right<;>Temporal Lobe","NCIT:C25228<;>NCIT:C12353","NCIT"
"3RD VENTRICLE","Third Ventricle","NCIT:C12827","NCIT"
"4TH VENTRICLE","Fourth Ventricle","NCIT:C12828","NCIT"
"ABDOMEN","Abdomen","NCIT:C12664","NCIT"
"ABDOMEN, LEFT","Left<;>Abdomen","NCIT:C25229<;>NCIT:C12664","NCIT"
"ABDOMEN, PELVIS","Abdomen","NCIT:C12664","NCIT"
"ABDOMEN, PELVIS","Pelvis","NCIT:C12767","NCIT"
"ABDOMEN/DIAPHRAGM","Abdomen","NCIT:C12664","NCIT"
"ABDOMEN/DIAPHRAGM","Diaphragm","NCIT:C12702","NCIT"
"ABDOMEN/DIAPHRAM","Abdomen","NCIT:C12664","NCIT"
"ABDOMEN/DIAPHRAM","Diaphragm","NCIT:C12702","NCIT"
"ABDOMENDIAPHRAGM","Abdomen","NCIT:C12664","NCIT"
"ABDOMENDIAPHRAGM","Diaphragm","NCIT:C12702","NCIT"
"ABDOMINAL","Abdomen","NCIT:C12664","NCIT"
"ABDOMINAL TUMOR NODULES","Abdomen","NCIT:C12664","NCIT"
"ABDOMINAL WAL","Abdominal Wall","NCIT:C77608","NCIT"
"ABDOMINAL WALL","Abdominal Wall","NCIT:C77608","NCIT"
"ABDOMINAL WALL MASS","Abdominal Wall","NCIT:C77608","NCIT"
"ABDOMINAL WALL, RIGHT","Right<;>Abdominal Wall","NCIT:C25228<;>NCIT:C77608","NCIT"
"ABDONIMAL NODULE","Abdomen","NCIT:C12664","NCIT"
"ACETABULUM","Acetabulum","NCIT:C32042","NCIT"
"ADNEXA","Adnexa","NCIT:C137974","NCIT"
"ADRENAL","Adrenal Gland","NCIT:C12666","NCIT"
"ADRENAL GLAND","Adrenal Gland","NCIT:C12666","NCIT"
"ADRENAL GLAND, LEFT","Left<;>Adrenal Gland","NCIT:C25229<;>NCIT:C12666","NCIT"
"ALVEOLAR","Alveolar","NCIT:C14155","NCIT"
"ANTERIOR ABDOMINAL WALL","Anterior Abdominal Wall Muscle","NCIT:C52890","NCIT"
"ANTERIOR CHEST, SKIN METASTASIS","Metastatic Malignant Neoplasm in the Skin","NCIT:C5629","NCIT"
"ANTERIOR ENDOMETRIUM","Anterior Endometrium","NCIT:C156431","NCIT"
"ANTERIOR MEDIASTINUM","Anterior Mediastinum","NCIT:C32098","NCIT"
"ANTRUM","Antrum Pylori","NCIT:C12259","NCIT"
"AORTO-CAVAL PERIPANCREATIC PRESACRAL EXTRA ADRENAL PGL","Aortocaval Lymph Node<;>Pancreatic Lymph Node<;>Presacral<;>Extra-Adrenal","NCIT:C118775<;>NCIT:C77642<;>NCIT:C75910<;>NCIT:C103852","NCIT"
"AORTOCAVAL LYMPH NODE","Aortocaval Lymph Node","NCIT:C118775","NCIT"
"AORTOCAVAL MASS","Aortocaval Lymph Node","NCIT:C118775","NCIT"
"AORTOCAVAL RETROPERITONEAL EXTRA ADRENAL PGL","Aortocaval Lymph Node<;>Retroperitoneal<;>Extra-Adrenal","NCIT:C118775<;>NCIT:C28256<;>NCIT:C103852","NCIT"
"APEX","Apex of the Prostate","NCIT:C13087","NCIT"
"APEXBASE","Apex of the Prostate<;>Base of the Prostate","NCIT:C13087<;>NCIT:C13088","NCIT"
"APEXMIDDLE","Middle of the Prostate<;>Apex of the Prostate","NCIT:C157168<;>NCIT:C13087","NCIT"
"APEXMIDDLEBASE","Middle of the Prostate<;>Apex of the Prostate<;>Base of the Prostate","NCIT:C157168<;>NCIT:C13087<;>NCIT:C13088","NCIT"
"APPENDIX","Appendix","NCIT:C12380","NCIT"
"ASCENDING COLON","Ascending Colon","NCIT:C12265","NCIT"
"ASCENDING TO TRANSVERSE COLON","Ascending Colon<;>Hepatic Flexure<;>Transverse Colon","NCIT:C12265<;>NCIT:C12266<;>NCIT:C12385","NCIT"
"ASCITES","Ascites","NCIT:C2885","NCIT"
"ASCITES/DIFFUSE LARGE B CELL LYMPHOMA","Peritoneum<;>B-Lymphocyte","NCIT:C12770<;>NCIT:C12474","NCIT"
"AXILLARY LYMPH NODES","Axillary Lymph Node","NCIT:C12904","NCIT"
"AXILLARY SOFT TISSUE METASTASIS","Axillary<;>Soft Tissue<;>Metastasis","NCIT:C13351<;>NCIT:C12471<;>NCIT:C19151","NCIT"
"BACK","Back","NCIT:C13062","NCIT"
"BACK MASS","Back","NCIT:C13062","NCIT"
"BASAL GANGLIA","Basal Ganglia","NCIT:C12447","NCIT"
"BASAL GANGLIA,TEMPORAL LOBE","Basal Ganglia<;>Temporal Lobe","NCIT:C12447<;>NCIT:C12353","NCIT"
"BASAL GANGLIA,THALAMUS","Basal Ganglia<;>Thalamus","NCIT:C12447<;>NCIT:C12459","NCIT"
"BASE","Base of the Prostate","NCIT:C13088","NCIT"
"BASE OF TONGUE","Base of the Tongue","NCIT:C12228","NCIT"
"BILATERAL","Bilateral","NCIT:C13332","NCIT"
"BILE DUCT","Bile Duct","NCIT:C12376","NCIT"
"BLADDER","Bladder","NCIT:C12414","NCIT"
"BLADDER_NECK","Bladder Neck","NCIT:C12336","NCIT"
"BLADDER; URETER","Bladder<;>Ureter","NCIT:C12414<;>NCIT:C12416","NCIT"
"BLADDER; URETHRA","Urethra<;>Bladder","NCIT:C12417<;>NCIT:C12414","NCIT"
"BLOOD","Blood","NCIT:C12434","NCIT"
"BODY","Body of the Pancreas","NCIT:C12270","NCIT"
"BODY AND TAIL","Body of the Pancreas<;>Tail of the Pancreas","NCIT:C12270<;>NCIT:C12271","NCIT"
"BODY-TAIL","Body of the Pancreas<;>Tail of the Pancreas","NCIT:C12270<;>NCIT:C12271","NCIT"
"BODYSTOMACH","Body of Stomach","NCIT:C12258","NCIT"
"BONE","Bone","NCIT:C12366","NCIT"
"BONE MARROW","Bone Marrow","NCIT:C12431","NCIT"
"BONE MARROW/B-CELL NON-HODGKIN LYMPHOMA DLCL, STAGE 4B, AT RELAPSE","Bone Marrow<;>B-Lymphocyte","NCIT:C12431<;>NCIT:C12474","NCIT"
"BONES","Bone","NCIT:C12366","NCIT"
"BOWEL","Intestine","NCIT:C12736","NCIT"
"BRAIN","Brain","NCIT:C12439","NCIT"
"BRAIN STEM","Brain Stem","NCIT:C12441","NCIT"
"BRAIN STEM- MIDBRAIN/TECTUM","Tectum Mesencephali","NCIT:C12460","NCIT"
"BRAIN STEM- MIDBRAIN/TECTUM,BRAIN STEM- PONS,CEREBELLUM/POSTERIOR FOSSA","Tectum Mesencephali<;>Pons Varolii<;>Cerebellum<;>Posterior Cranial Fossa","NCIT:C12460<;>NCIT:C12511<;>NCIT:C12445<;>NCIT:C33361","NCIT"
"BRAIN STEM- MIDBRAIN/TECTUM,CEREBELLUM/POSTERIOR FOSSA,OCCIPITAL LOBE,OPTIC PATHWAY,PARIETAL LOBE,TEMPORAL LOBE","Tectum Mesencephali<;>Cerebellum<;>Posterior Cranial Fossa<;>Occipital Lobe<;>Visual Pathway<;>Parietal Lobe<;>Temporal Lobe","NCIT:C12460<;>NCIT:C12445<;>NCIT:C33361<;>NCIT:C12355<;>NCIT:C41445<;>NCIT:C12354<;>NCIT:C12353","NCIT"
"BRAIN STEM- MIDBRAIN/TECTUM,VENTRICLES","Tectum Mesencephali<;>Brain Ventricle","NCIT:C12460<;>NCIT:C12356","NCIT"
"BRAIN STEM- PONS,BRAIN STEM-MEDULLA,CEREBELLUM/POSTERIOR FOSSA,SPINAL CORD- CERVICAL","Pons Varolii<;>Medulla Oblongata<;>Cerebellum<;>Posterior Cranial Fossa<;>Cervical Spinal Cord","NCIT:C12511<;>NCIT:C12442<;>NCIT:C12445<;>NCIT:C33361<;>NCIT:C12892","NCIT"
"BRAIN STEM- PONS,BRAIN STEM-MEDULLA,SPINAL CORD- CERVICAL,SPINAL CORD- THORACIC,SUPRASELLAR/HYPOTHALAMIC/PITUITARY","Pons Varolii<;>Medulla Oblongata<;>Cervical Spinal Cord<;>Thoracic Spinal Cord<;>Suprasellar<;>Hypothalamus<;>Pituitary Gland","NCIT:C12511<;>NCIT:C12442<;>NCIT:C12892<;>NCIT:C12894<;>NCIT:C95445<;>NCIT:C12458<;>NCIT:C12399","NCIT"
"BRAIN STEM- PONS,CEREBELLUM/POSTERIOR FOSSA","Pons Varolii<;>Cerebellum<;>Posterior Cranial Fossa","NCIT:C12511<;>NCIT:C12445<;>NCIT:C33361","NCIT"
"BRAIN STEM-MEDULLA,VENTRICLES","Medulla Oblongata<;>Brain Ventricle","NCIT:C12442<;>NCIT:C12356","NCIT"
"BRAIN, CEREBELLUM","Cerebellum","NCIT:C12445","NCIT"
"BRAIN, LEFT OCCIPITAL","Left<;>Occipital Lobe","NCIT:C25229<;>NCIT:C12355","NCIT"
"BRAIN, LEFT PARIETAL","Left<;>Parietal Lobe","NCIT:C25229<;>NCIT:C12354","NCIT"
"BRAIN, LEFT TEMPORAL","Left<;>Temporal Lobe","NCIT:C25229<;>NCIT:C12353","NCIT"
"BRAIN, RIGHT FRONTAL","Right<;>Frontal Lobe","NCIT:C25228<;>NCIT:C12352","NCIT"
"BRAIN, RIGHT OCCIPITAL","Right<;>Occipital Lobe","NCIT:C25228<;>NCIT:C12355","NCIT"
"BRAIN, RIGHT TEMPORAL","Right<;>Temporal Lobe","NCIT:C25228<;>NCIT:C12353","NCIT"
"BRAINSTEM","Brain Stem","NCIT:C12441","NCIT"
"BREAST","Breast","NCIT:C12971","NCIT"
"BREAST METASTASIS","Breast<;>Metastasis","NCIT:C12971<;>NCIT:C19151","NCIT"
"BUCCAL","Buccal Surface","NCIT:C52589","NCIT"
"BUCCAL MUCOSA","Buccal Mucosa","NCIT:C12505","NCIT"
"BUTTOCK","Buttock","NCIT:C89806","NCIT"
"C4 EPIDURAL TUMOR","C4 Vertebra","NCIT:C32242","NCIT"
"C7-T1 SPINAL TUMOR","C7 Vertebra<;>T1 Vertebra","NCIT:C32245<;>NCIT:C33720","NCIT"
"CAECUM","Cecum","NCIT:C12381","NCIT"
"CARDIA","Gastric Cardia","NCIT:C12256","NCIT"
"CARDIAC ATRIUM EXTRA ADRENAL PGL","Cardiac Atrium<;>Extra-Adrenal","NCIT:C12728<;>NCIT:C103852","NCIT"
"CECUM","Cecum","NCIT:C12381","NCIT"
"CELIAC AXIS","Celiac Artery","NCIT:C52846","NCIT"
"CENTRAL LUNG","Central Lung","NCIT:C159213","NCIT"
"CEREBELLAR","Cerebellum","NCIT:C12445","NCIT"
"CEREBELLOPONTINE ANGLE","Cerebellopontine Angle","NCIT:C54057","NCIT"
"CEREBELLUM","Cerebellum","NCIT:C12445","NCIT"
"CEREBELLUM/POSTERIOR FOSSA","Cerebellum<;>Posterior Cranial Fossa","NCIT:C12445<;>NCIT:C33361","NCIT"
"CEREBELLUM/POSTERIOR FOSSA,FRONTAL LOBE","Cerebellum<;>Posterior Cranial Fossa<;>Frontal Lobe","NCIT:C12445<;>NCIT:C33361<;>NCIT:C12352","NCIT"
"CEREBELLUM/POSTERIOR FOSSA,HIPPOCAMPUS,OTHER LOCATIONS NOS,SPINAL CORD- THORACIC,TEMPORAL LOBE,THALAMUS","Cerebellum<;>Posterior Cranial Fossa<;>Hippocampus<;>Thoracic Spine<;>Temporal Lobe<;>Thalamus","NCIT:C12445<;>NCIT:C33361<;>NCIT:C12444<;>NCIT:C69315<;>NCIT:C12353<;>NCIT:C12459","NCIT"
"CEREBELLUM/POSTERIOR FOSSA,MENINGES/DURA,SPINAL CORD- CERVICAL,SPINAL CORD- THORACIC,VENTRICLES","Cerebellum<;>Posterior Cranial Fossa<;>Meninges<;>Dura Mater<;>Cervical Spinal Cord<;>Thoracic Spine<;>Brain Ventricle","NCIT:C12445<;>NCIT:C33361<;>NCIT:C12348<;>NCIT:C32488<;>NCIT:C12892<;>NCIT:C69315<;>NCIT:C12356","NCIT"
"CEREBELLUM/POSTERIOR FOSSA,OPTIC PATHWAY,OTHER LOCATIONS NOS,SUPRASELLAR/HYPOTHALAMIC/PITUITARY,THALAMUS","Cerebellum<;>Posterior Cranial Fossa<;>Visual Pathway<;>Suprasellar<;>Hypothalamus<;>Pituitary Gland<;>Thalamus","NCIT:C12445<;>NCIT:C33361<;>NCIT:C41445<;>NCIT:C95445<;>NCIT:C12458<;>NCIT:C12399<;>NCIT:C12459","NCIT"
"CEREBELLUM/POSTERIOR FOSSA,OTHER LOCATIONS NOS","Cerebellum<;>Posterior Cranial Fossa","NCIT:C12445<;>NCIT:C33361","NCIT"
"CEREBELLUM/POSTERIOR FOSSA,SPINAL CORD- CERVICAL,SPINAL CORD- LUMBAR/THECAL SAC,SPINAL CORD- THORACIC","Cerebellum<;>Posterior Cranial Fossa<;>Cervical Spinal Cord<;>Lumbar Spine<;>Spinal Cord Dura Mater<;>Thoracic Spine","NCIT:C12445<;>NCIT:C33361<;>NCIT:C12892<;>NCIT:C69314<;>NCIT:C49799<;>NCIT:C69315","NCIT"
"CEREBELLUM/POSTERIOR FOSSA,SUPRASELLAR/HYPOTHALAMIC/PITUITARY","Cerebellum<;>Posterior Cranial Fossa<;>Suprasellar<;>Hypothalamus<;>Pituitary Gland","NCIT:C12445<;>NCIT:C33361<;>NCIT:C95445<;>NCIT:C12458<;>NCIT:C12399","NCIT"
"CEREBELLUM/POSTERIOR FOSSA,VENTRICLES","Cerebellum<;>Posterior Cranial Fossa<;>Brain Ventricle","NCIT:C12445<;>NCIT:C33361<;>NCIT:C12445<;>NCIT:C33361<;>NCIT:C12356","NCIT"
"CERVICAL","Cervical","NCIT:C12844","NCIT"
"CERVIXUTERUS","Cervix Uteri","NCIT:C12311","NCIT"
"CHEST","Chest","NCIT:C25389","NCIT"
"CHEST - CHEST WALL","Chest Wall","NCIT:C62484","NCIT"
"CHEST - LUNG/PLEURA","Chest<;>Lung<;>Pleura","NCIT:C25389<;>NCIT:C12468<;>NCIT:C12469","NCIT"
"CHEST - MEDIASTINUM","Mediastinum","NCIT:C12748","NCIT"
"CHEST - OTHER PLEASE SPECIFY","Chest","NCIT:C25389","NCIT"
"CHEST WALL","Chest Wall","NCIT:C62484","NCIT"
"CHEST WALL METASTASIS","Chest Wall<;>Metastasis","NCIT:C62484<;>NCIT:C19151","NCIT"
"CHEST WALL, LEFT","Left<;>Chest Wall","NCIT:C25229<;>NCIT:C62484","NCIT"
"CHEST WALL, RIGHT","Right<;>Chest Wall","NCIT:C25228<;>NCIT:C62484","NCIT"
"CHEST WALL, RIGHT RIBS SIX AND SEVEN","Chest Wall<;>Rib 6<;>Rib 7","NCIT:C62484<;>NCIT:C52762<;>NCIT:C52761","NCIT"
"CHEST WALLHEAD","Chest Wall<;>Head","NCIT:C62484<;>NCIT:C12419","NCIT"
"CHIN","Mentum","NCIT:C81169","NCIT"
"CIRCULATING TUMOR CELLS","Circulating Tumor Cell Count","NCIT:C96593","NCIT"
"CNS","Central Nervous System","NCIT:C12438","NCIT"
"CNS METASTASIS","Central Nervous System<;>Metastasis","NCIT:C12438<;>NCIT:C19151","NCIT"
"COLON","Colon","NCIT:C12382","NCIT"
"COLORECTAL CANCER","Colorectal","NCIT:C13363","NCIT"
"CORACOID METASTASIS","Scapula<;>Metastasis","NCIT:C12783<;>NCIT:C19151","NCIT"
"CORPUS CALLOSUM","Corpus Callosum","NCIT:C12446","NCIT"
"CORTICAL","Cerebral Cortex","NCIT:C12443","NCIT"
"CUL DE SAC","Recto-Vaginal Pouch","NCIT:C33447","NCIT"
"DESCENDING COLON","Descending Colon","NCIT:C12268","NCIT"
"DIAGNOSIS CANCER BONE","Bone","NCIT:C12366","NCIT"
"DIAGNOSIS CANCER LOC AXILLARY LN","Axillary Lymph Node","NCIT:C12904","NCIT"
"DIAGNOSIS CANCER LOC BRAIN","Brain","NCIT:C12439","NCIT"
"DIAGNOSIS CANCER LOC BREAST","Breast","NCIT:C12971","NCIT"
"DIAGNOSIS CANCER LOC CHEST WALL","Chest Wall","NCIT:C62484","NCIT"
"DIAGNOSIS CANCER LOC LIVER","Liver","NCIT:C12392","NCIT"
"DIAGNOSIS CANCER LOC LUNG","Lung","NCIT:C12468","NCIT"
"DIAGNOSIS CANCER LOC OTHER LN","Lymph Node","NCIT:C12745","NCIT"
"DIAGNOSIS CANCER LOC OVARY","Ovary","NCIT:C12404","NCIT"
"DIAGNOSIS CANCER LOC PLEURAL EFFUSION","Pleural Effusion","NCIT:C3331","NCIT"
"DIAGNOSIS CANCER LOC SKIN","Skin","NCIT:C12470","NCIT"
"DIAPHRAGM","Diaphragm","NCIT:C12702","NCIT"
"DIFFUSE","Diffuse","NCIT:C14175","NCIT"
"DIFFUSE/SITE UNKNOWN","Diffuse","NCIT:C14175","NCIT"
"DISEASE MULTIFOCAL INDICATOR","Multifocal","NCIT:C25253","NCIT"
"DISTAL","Distal","NCIT:C25237","NCIT"
"DISTAL 1/3","Distal<;>Stomach","NCIT:C25237<;>NCIT:C12391","NCIT"
"DISTAL RECTAL RECURRENCE POST LAR","Rectum<;>Distal","NCIT:C12390<;>NCIT:C25237","NCIT"
"DISTAL RECTAL TUMOR","Rectum<;>Distal","NCIT:C12390<;>NCIT:C25237","NCIT"
"DISTAL RECTUM","Rectum<;>Distal","NCIT:C12390<;>NCIT:C25237","NCIT"
"DISTAL RECTUM, TUMOR RECURRENCE","Rectum<;>Distal","NCIT:C12390<;>NCIT:C25237","NCIT"
"DISTANT","Distant","NCIT:C25321","NCIT"
"DISTANT METASTASIS","Distant Metastasis","NCIT:C18206","NCIT"
"DISTANT METASTASISEXTREMITIES","Distant Metastasis<;>Limb","NCIT:C18206<;>NCIT:C12429","NCIT"
"DISTANT METASTASISEXTREMITIESTRUNK","Distant Metastasis<;>Limb<;>Trunk","NCIT:C18206<;>NCIT:C12429<;>NCIT:C33816","NCIT"
"DISTANT METASTASISHEAD AND NECK","Distant Metastasis<;>Head and Neck","NCIT:C18206<;>NCIT:C12418","NCIT"
"DISTANT METASTASISOTHER","Distant Metastasis","NCIT:C18206","NCIT"
"DISTANT METASTASISTRUNK","Distant Metastasis<;>Trunk","NCIT:C18206<;>NCIT:C33816","NCIT"
"DISTANT METS","Distant Metastasis","NCIT:C18206","NCIT"
"DURA","Dura Mater","NCIT:C32488","NCIT"
"EAR","Ear","NCIT:C12394","NCIT"
"ELBOW METASTASIS","Elbow Joint<;>Metastasis","NCIT:C32497<;>NCIT:C19151","NCIT"
"EPIDURAL","Epidural Spinal Canal Space","NCIT:C41449","NCIT"
"ESOPHAGUS","Esophagus","NCIT:C12389","NCIT"
"ETHMOID","Ethmoid Bone","NCIT:C12711","NCIT"
"ETHMOID SINUS","Ethmoid Sinus","NCIT:C12276","NCIT"
"EXTRA ADRENAL ABDOMEN/PELVIS","Extra-Adrenal<;>Abdomen<;>Pelvis","NCIT:C103852<;>NCIT:C12664<;>NCIT:C12767","NCIT"
"EXTRA ADRENAL THORACIC","Extra-Adrenal<;>Thoracic","NCIT:C103852<;>NCIT:C13360","NCIT"
"EXTRA-ADRENAL","Extra-Adrenal","NCIT:C103852","NCIT"
"EXTRA-ADRENAL SITE","Extra-Adrenal","NCIT:C103852","NCIT"
"EXTRAHEPATIC","Extrahepatic","NCIT:C28358","NCIT"
"EXTREMITIES","Limb","NCIT:C12429","NCIT"
"EXTREMITIESEXTREMITIES","Limb","NCIT:C12429","NCIT"
"EXTREMITIESPRIMARY","Limb","NCIT:C12429","NCIT"
"EXTREMITIESPRIMARYTRUNK","Limb<;>Trunk","NCIT:C12429<;>NCIT:C33816","NCIT"
"EXTREMITIESREGIONAL CUTANEOUS OR SUBCUTANEOUS TISSUE","Limb<;>Skin/Subcutaneous Tissue","NCIT:C12429<;>NCIT:C92441","NCIT"
"EXTREMITIESREGIONAL LYMPH NODE","Limb<;>Regional Lymph Node","NCIT:C12429<;>NCIT:C49018","NCIT"
"EXTREMITIESREGIONAL LYMPH NODETRUNK","Limb<;>Regional Lymph Node<;>Trunk","NCIT:C12429<;>NCIT:C49018<;>NCIT:C33816","NCIT"
"EXTREMITIESTRUNK","Trunk<;>Limb","NCIT:C33816<;>NCIT:C12429","NCIT"
"EXTREMITY","Limb","NCIT:C12429","NCIT"
"FACIAL SOFT TISSUE","Face<;>Soft Tissue","NCIT:C13071<;>NCIT:C12471","NCIT"
"FEMUR, RIGHT BONE","Right<;>Femur","NCIT:C25228<;>NCIT:C12717","NCIT"
"FFPE","Formalin-Fixed Paraffin-Embedded","NCIT:C143028","NCIT"
"FLANK","Flank","NCIT:C93028","NCIT"
"FLOOR OF MOUTH","Floor of Mouth","NCIT:C54187","NCIT"
"FOOT/ANKLE","Foot<;>Ankle Joint","NCIT:C32622<;>NCIT:C32078","NCIT"
"FOREARM METASTASIS","Forearm<;>Metastasis","NCIT:C32628<;>NCIT:C19151","NCIT"
"FRESH FROZEN","Fresh Specimen","NCIT:C84517","NCIT"
"FRONTAL","Frontal","NCIT:C161325","NCIT"
"FRONTAL - CROSSES MIDLINE","Frontal Lobe<;>Midline","NCIT:C12352<;>NCIT:C81170","NCIT"
"FRONTAL AND PARIETAL LOBE","Frontal Lobe<;>Parietal Lobe","NCIT:C12352<;>NCIT:C12354","NCIT"
"FRONTAL AND TEMPORAL LOBE","Frontal Lobe<;>Temporal Lobe","NCIT:C12352<;>NCIT:C12353","NCIT"
"FRONTAL LOBE","Frontal Lobe","NCIT:C12352","NCIT"
"FRONTAL LOBE,PARIETAL LOBE","Frontal Lobe<;>Parietal Lobe","NCIT:C12352<;>NCIT:C12354","NCIT"
"FRONTAL LOBE,PARIETAL LOBE,TEMPORAL LOBE","Frontal Lobe<;>Parietal Lobe<;>Temporal Lobe","NCIT:C12352<;>NCIT:C12354<;>NCIT:C12353","NCIT"
"FRONTAL LOBE,SUPRASELLAR/HYPOTHALAMIC/PITUITARY,THALAMUS,VENTRICLES","Frontal Lobe<;>Suprasellar<;>Hypothalamus<;>Pituitary Gland<;>Thalamus<;>Brain Ventricle","NCIT:C12352<;>NCIT:C95445<;>NCIT:C12458<;>NCIT:C12399<;>NCIT:C12459<;>NCIT:C12356","NCIT"
"FRONTAL, PARIETAL AND TEMPORAL LOBE","Frontal Lobe<;>Parietal Lobe<;>Temporal Lobe","NCIT:C12352<;>NCIT:C12354<;>NCIT:C12353","NCIT"
"FRONTOPARIETAL","Frontal Lobe<;>Parietal Lobe","NCIT:C12352<;>NCIT:C12354","NCIT"
"FUNDUS/BODY","Fundus of the Stomach<;>Body of Stomach","NCIT:C12257<;>NCIT:C12258","NCIT"
"GALLBLADDER","Gallbladder","NCIT:C12377","NCIT"
"GASTRIC","Stomach","NCIT:C12391","NCIT"
"GEJ","Gastroesophageal Junction","NCIT:C32668","NCIT"
"GLANS PENIS","Glans Penis","NCIT:C12324","NCIT"
"GLIOMATOSIS, PERITONEUM","Peritoneum","NCIT:C12770","NCIT"
"GLIOMATOSIS, RIGHT OVARY","Right<;>Ovary","NCIT:C25228<;>NCIT:C12404","NCIT"
"GLUTEAL METASTASIS","Gluteal Muscle<;>Metastasis","NCIT:C78205<;>NCIT:C19151","NCIT"
"GREATER CURVE","Greater Curvature of the Stomach","NCIT:C12262","NCIT"
"GROIN","Inguinal Region","NCIT:C12726","NCIT"
"GROIN LYMPH NODE METASTASES","Inguinal Lymph Node<;>Metastasis","NCIT:C32801<;>NCIT:C19151","NCIT"
"GROIN LYMPH NODES","Inguinal Region<;>Lymph Node","NCIT:C12726<;>NCIT:C12745","NCIT"
"GROIN METASTASIS","Inguinal Region<;>Metastasis","NCIT:C12726<;>NCIT:C19151","NCIT"
"GROWING TERATOMA; PERITONEUM, LIVER","Peritoneum<;>Liver","NCIT:C12770<;>NCIT:C12392","NCIT"
"GYNECOLOGICAL - OVARY","Ovary","NCIT:C12404","NCIT"
"GYNECOLOGICAL - UTERUS","Uterus","NCIT:C12405","NCIT"
"GYNECOLOGICAL - UTERUSGYNECOLOGICAL - CERVIX","Uterus<;>Cervix Uteri","NCIT:C12405<;>NCIT:C12311","NCIT"
"GYNECOLOGICAL - UTERUSGYNECOLOGICAL - OTHER PLEASE SPECIFY","Uterus","NCIT:C12405","NCIT"
"GYNECOLOGICALUTERUS","Uterus","NCIT:C12405","NCIT"
"HAND","Hand","NCIT:C32712","NCIT"
"HARD PALATE","Hard Palate","NCIT:C12230","NCIT"
"HEAD","Head of the Pancreas","NCIT:C12269","NCIT"
"HEAD AND BODY","Head of the Pancreas<;>Body of the Pancreas","NCIT:C12269<;>NCIT:C12270","NCIT"
"HEAD AND NECK","Head and Neck","NCIT:C12418","NCIT"
"HEAD AND NECK - NECKHEAD AND NECK - OTHER PLEASE SPECIFY","Head and Neck","NCIT:C12418","NCIT"
"HEAD AND NECK - OTHER PLEASE SPECIFY","Head and Neck","NCIT:C12418","NCIT"
"HEAD AND NECKNECK","Head and Neck","NCIT:C12418","NCIT"
"HEAD AND NECKPRIMARY","Head and Neck","NCIT:C12418","NCIT"
"HEAD AND NECKREGIONAL CUTANEOUS OR SUBCUTANEOUS TISSUE","Head and Neck<;>Skin/Subcutaneous Tissue","NCIT:C12418<;>NCIT:C92441","NCIT"
"HEAD AND NECKREGIONAL LYMPH NODE","Head and Neck<;>Regional Lymph Node","NCIT:C12418<;>NCIT:C49018","NCIT"
"HEAD-BODY","Head of the Pancreas<;>Body of the Pancreas","NCIT:C12269<;>NCIT:C12270","NCIT"
"HEAD-UNCINATE PROCESS","Head of the Pancreas<;>Uncinate Process of Pancreas","NCIT:C12269<;>NCIT:C62432","NCIT"
"HEADREGULAR","Head","NCIT:C12419","NCIT"
"HEMISPHERE","Brain","NCIT:C12439","NCIT"
"HEPATIX FLEXURE","Hepatic Flexure","NCIT:C12266","NCIT"
"HYPOPHARYNX","Hypopharynx","NCIT:C12246","NCIT"
"HYPOTHALAMUS","Hypothalamus","NCIT:C12458","NCIT"
"ILIAC","Ilium","NCIT:C32765","NCIT"
"INCISURA","Angular Notch of Stomach","FMA:14573","FMA"
"INFRACOLIC OMENTUM","Greater Omentum","NCIT:C32697","NCIT"
"INFRARENAL MASS LEFT","Left<;>Infrarenal Aortic Segment","NCIT:C25229<;>NCIT:C116179","NCIT"
"INFRATEMPORAL FOSSA","Infratemporal Fossa","FMA:75308","FMA"
"INFRATENTORIAL","Infratentorial Brain","NCIT:C12509","NCIT"
"INGUINAL LYMPH NODES","Inguinal Lymph Node","NCIT:C32801","NCIT"
"INSULAR LOBE","Central Lobe","NCIT:C32278","NCIT"
"INTERAORTOCAVAL LYMPH NODE","Aortocaval Lymph Node","NCIT:C118775","NCIT"
"INTERCOSTAL","Intercostal Space","UBERON:0012198","UBERON"
"INTERMAMMARY LYMPH NODE","Intramammary Lymph Node","NCIT:C137678","NCIT"
"INTRA-ABDOMINAL","Intra-abdominal","NCIT:C12492","NCIT"
"INTRA-ABDOMINALPELVISRETROPERITONEUM","Intra-abdominal<;>Pelvis<;>Retroperitoneum","NCIT:C12492<;>NCIT:C12767<;>NCIT:C12298","NCIT"
"INTRA-ABDOMINALRETROPERITONEUM/UPPER ABDOMINAL","Intra-abdominal<;>Retroperitoneum<;>Upper<;>Abdominal","NCIT:C12492<;>NCIT:C12298<;>NCIT:C25355<;>NCIT:C25342","NCIT"
"INTRA-ABDOMINALSMALL INTESTINE","Intra-abdominal<;>Small Intestine","NCIT:C12492<;>NCIT:C12386","NCIT"
"INTRA-PSOAS","Psoas Muscle","NCIT:C33422","NCIT"
"INTRAHEPATIC","Intrahepatic","NCIT:C13808","NCIT"
"INTRAPERICARDIAL PARA-AORTIC EXTRA ADRENAL PGL","Pericardium<;>Paraaortic Region<;>Extra-Adrenal","NCIT:C13005<;>NCIT:C25316<;>NCIT:C103852","NCIT"
"INTRASPINAL TUMOR, PULMONARY NODULES","Intraspinal<;>Pulmonary Nodule","NCIT:C96908<;>NCIT:C122407","NCIT"
"JUGULODIGASTRIC LYMPH NODE","Jugulodigastric Lymph Node","UBERON:0038936","UBERON"
"KIDNEY","Kidney","NCIT:C12415","NCIT"
"KIDNEY AND ADRENAL GLAND, LEFT","Left<;>Adrenal Gland<;>Kidney","NCIT:C25229<;>NCIT:C12666<;>NCIT:C12415","NCIT"
"KIDNEY LUNG MET","Kidney<;>Lung<;>Metastasis","NCIT:C12415<;>NCIT:C12468<;>NCIT:C19151","NCIT"
"KIDNEYLIVERRETROPERITONEUM/UPPER ABDOMINAL","Kidney<;>Liver<;>Retroperitoneum<;>Upper<;>Abdominal","NCIT:C12415<;>NCIT:C12392<;>NCIT:C12298<;>NCIT:C25355<;>NCIT:C25342","NCIT"
"L","Lower<;>Stomach","NCIT:C25309<;>NCIT:C12391","NCIT"
"L ARM MELANOMA","Left Arm","NCIT:C105633","NCIT"
"L AXILLARY LYMPH NODE DISSECTION","Left<;>Axillary Lymph Node","NCIT:C25229<;>NCIT:C12904","NCIT"
"L MEDIASTINUM","Left<;>Mediastinum","NCIT:C25229<;>NCIT:C12748","NCIT"
"L PARIETAL SCALP","Left<;>Parietal Lobe<;>Scalp","NCIT:C25229<;>NCIT:C12354<;>NCIT:C89807","NCIT"
"L TEMPORAL BRAIN METASTASIS","Left<;>Temporal Lobe<;>Metastasis","NCIT:C25229<;>NCIT:C12353<;>NCIT:C19151","NCIT"
"L2 VETEBRAL BODY","L2 Vertebra","NCIT:C32900","NCIT"
"LACRIMAL GLAND","Lacrimal Gland","NCIT:C12346","NCIT"
"LARGE BOWEL TRANSVERSE COLON","Transverse Colon","NCIT:C12385","NCIT"
"LARYNGOPHARYNX","Hypopharynx","NCIT:C12246","NCIT"
"LARYNX","Larynx","NCIT:C12420","NCIT"
"LEFT","Left","NCIT:C25229","NCIT"
"LEFT 9TH RIB","Left<;>Rib 9","NCIT:C25229<;>NCIT:C52759","NCIT"
"LEFT ABDOMEN DIAPHRAGM","Left<;>Abdomen<;>Diaphragm","NCIT:C25229<;>NCIT:C12664<;>NCIT:C12702","NCIT"
"LEFT ABDOMINAL","Left<;>Abdomen","NCIT:C25229<;>NCIT:C12664","NCIT"
"LEFT ADNEXA","Left<;>Adnexa","NCIT:C25229<;>NCIT:C137974","NCIT"
"LEFT ADNEXA AND PELVIC PERITONEUM","Left<;>Adnexa<;>Pelvic Peritoneum","NCIT:C25229<;>NCIT:C137974<;>NCIT:C159344","NCIT"
"LEFT ADRENAL","Left<;>Adrenal Gland","NCIT:C25229<;>NCIT:C12666","NCIT"
"LEFT AXILLARY LYMPH NODE","Left<;>Axillary Lymph Node","NCIT:C25229<;>NCIT:C12904","NCIT"
"LEFT AXILLARY LYMPH NODES","Left<;>Axillary Lymph Node","NCIT:C25229<;>NCIT:C12904","NCIT"
"LEFT BROW","Left<;>Eyebrow","NCIT:C25229<;>NCIT:C32575","NCIT"
"LEFT CEREBELLUM","Left<;>Cerebellum","NCIT:C25229<;>NCIT:C12445","NCIT"
"LEFT CERVICAL","Left<;>Cervix Uteri","NCIT:C25229<;>NCIT:C12311","NCIT"
"LEFT CERVICAL LYMPH NODE","Left<;>Cervical Lymph Node","NCIT:C25229<;>NCIT:C32298","NCIT"
"LEFT CHEST, DIAPHRAM","Left<;>Chest<;>Diaphragm","NCIT:C25229<;>NCIT:C25389<;>NCIT:C12702","NCIT"
"LEFT COLON","Left Colon","NCIT:C33929","NCIT"
"LEFT DISTAL FEMUR","Left<;>Distal<;>Femur","NCIT:C25229<;>NCIT:C25237<;>NCIT:C12717","NCIT"
"LEFT FEMORAL HEAD, NECK, AND CURETTINGS","Left<;>Femoral Neck<;>Head of the Femur","NCIT:C25229<;>NCIT:C61563<;>NCIT:C32718","NCIT"
"LEFT FEMUR","Left<;>Femur","NCIT:C25229<;>NCIT:C12717","NCIT"
"LEFT FRONTAL","Left<;>Frontal Lobe","NCIT:C25229<;>NCIT:C12352","NCIT"
"LEFT FRONTAL LOBE","Left<;>Frontal Lobe","NCIT:C25229<;>NCIT:C12352","NCIT"
"LEFT FRONTOTEMPORAL","Left<;>Frontal Lobe<;>Temporal Lobe","NCIT:C25229<;>NCIT:C12352<;>NCIT:C12353","NCIT"
"LEFT GLUTEUS","Left Gluteus Medius","NCIT:C105638","NCIT"
"LEFT ILIAC","Left<;>Ilium","NCIT:C25229<;>NCIT:C32765","NCIT"
"LEFT INFRARENAL LYMPH NODE","Left<;>Renal Lymph Node","NCIT:C25229<;>NCIT:C77646","NCIT"
"LEFT INGUINAL LYMPH NODES","Left<;>Inguinal Lymph Node","NCIT:C25229<;>NCIT:C32801","NCIT"
"LEFT JUGULODIGASTRIC LYMPH NODE","Left<;>Jugulodigastric Lymph Node","NCIT:C25229<;>UBERON:0038936","NCIT<;>UBERON"
"LEFT KIDNEY","Left Kidney","NCIT:C34006","NCIT"
"LEFT LEG","Left Leg","NCIT:C176864","NCIT"
"LEFT LOWER LOBE","Lower Lobe of the Left Lung","NCIT:C33020","NCIT"
"LEFT LUNG LOWER LOBE","Lower Lobe of the Left Lung","NCIT:C33020","NCIT"
"LEFT MEDIASTINAL","Left<;>Mediastinum","NCIT:C25229<;>NCIT:C12748","NCIT"
"LEFT OCCIPITAL","Left<;>Occipital Lobe","NCIT:C25229<;>NCIT:C12355","NCIT"
"LEFT OCCIPITAL BRAIN","Left<;>Occipital Lobe","NCIT:C25229<;>NCIT:C12355","NCIT"
"LEFT OCCIPITAL-PARIETAL","Left<;>Parietal Lobe<;>Occipital Lobe","NCIT:C25229<;>NCIT:C12354<;>NCIT:C12355","NCIT"
"LEFT ORBITAL","Left<;>Orbit","NCIT:C25229<;>NCIT:C12347","NCIT"
"LEFT OVARY","Left<;>Ovary","NCIT:C25229<;>NCIT:C12404","NCIT"
"LEFT PARAAORTIC","Left<;>Paraaortic Region","NCIT:C25229<;>NCIT:C25316","NCIT"
"LEFT PARASPINAL AT T3-T4","Left<;>Paraspinal<;>T3 Vertebra<;>T4 Vertebra","NCIT:C25229<;>NCIT:C129461<;>NCIT:C33725<;>NCIT:C33726","NCIT"
"LEFT PARATRACHEAL","Left<;>Paratracheal","NCIT:C25229<;>NCIT:C25317","NCIT"
"LEFT PARIETAL","Left<;>Parietal Lobe","NCIT:C25229<;>NCIT:C12354","NCIT"
"LEFT PARIETAL BRAIN METASTASIS","Left<;>Parietal Lobe<;>Metastasis","NCIT:C25229<;>NCIT:C12354<;>NCIT:C19151","NCIT"
"LEFT PARIETAL, RIGHT PARIETAL","Left<;>Parietal Lobe<;>Right<;>Parietal Lobe","NCIT:C25229<;>NCIT:C12354<;>NCIT:C25228<;>NCIT:C12354","NCIT"
"LEFT PARIETO-OCCIPITAL","Left<;>Parietal Lobe<;>Occipital Lobe","NCIT:C25229<;>NCIT:C12354<;>NCIT:C12355","NCIT"
"LEFT PARIETOTEMPORAL","Left<;>Temporal Lobe<;>Parietal Lobe","NCIT:C25229<;>NCIT:C12353","NCIT"
"LEFT PELVIC","Left<;>Pelvis","NCIT:C25229<;>NCIT:C12767","NCIT"
"LEFT PELVIS","Left<;>Pelvis","NCIT:C25229<;>NCIT:C12767","NCIT"
"LEFT PELVIS","Left<;>Pelvis","NCIT:C25229<;>NCIT:C12767","NCIT"
"LEFT PERINEPHRIC LYMPH NODE","Left<;>Perinephric<;>Lymph Node","NCIT:C25229<;>NCIT:C62408<;>NCIT:C12745","NCIT"
"LEFT PLEURAL","Left<;>Pleura","NCIT:C25229<;>NCIT:C12469","NCIT"
"LEFT POSTERIOR MEDIASTINAL","Left<;>Posterior Mediastinum","NCIT:C25229<;>NCIT:C33368","NCIT"
"LEFT POSTERIOR TEMPORAL","Left<;>Posterior<;>Temporal Lobe","NCIT:C25229<;>NCIT:C25622<;>NCIT:C12353","NCIT"
"LEFT RENAL LYMPH NODE","Left<;>Renal Lymph Node","NCIT:C25229<;>NCIT:C77646","NCIT"
"LEFT RETROPERITONEAL","Left<;>Retroperitoneal","NCIT:C25229<;>NCIT:C28256","NCIT"
"LEFT RETROPERITONEUM","Left<;>Retroperitoneum","NCIT:C25229<;>NCIT:C12298","NCIT"
"LEFT SIXTH INTERCOSTAL","Left<;>Sixth<;>Intercostal Space","NCIT:C25229<;>NCIT:C54568<;>UBERON:0012198","NCIT<;>UBERON"
"LEFT SIXTH RIB","Left<;>Rib 6","NCIT:C25229<;>NCIT:C52762","NCIT"
"LEFT SUPERIOR MEDIASTINAL LYMPH NODES","Left<;>Superior<;>Mediastinal Lymph Node","NCIT:C25229<;>NCIT:C25235<;>NCIT:C33073","NCIT"
"LEFT SUPRACLAVICULAR LYMPH NODE","Left<;>Supraclavicular Lymph Node","NCIT:C25229<;>NCIT:C12903","NCIT"
"LEFT TEMPORAL","Left<;>Temporal Lobe","NCIT:C25229<;>NCIT:C12353","NCIT"
"LEFT TEMPORAL BRAIN","Left<;>Temporal Lobe","NCIT:C25229<;>NCIT:C12353","NCIT"
"LEFT TEMPORAL-OCCIPITAL","Left<;>Temporal Lobe<;>Occipital Lobe","NCIT:C25229<;>NCIT:C12353<;>NCIT:C12355","NCIT"
"LEFT TEMPOROPARIETAL","Left<;>Temporal Lobe<;>Parietal Lobe","NCIT:C25229<;>NCIT:C12353","NCIT"
"LEFT THIGH","Left Thigh","NCIT:C105632","NCIT"
"LEFT THIGH METASTASIS","Left Thigh<;>Metastasis","NCIT:C105632<;>NCIT:C19151","NCIT"
"LEFT THORACIC PERIAORTIC LN","Left<;>Thorax<;>Aortocaval Lymph Node","NCIT:C25229<;>NCIT:C12799<;>NCIT:C118775","NCIT"
"LEFT UPPER LOBE","Upper Lobe of the Left Lung","NCIT:C33021","NCIT"
"LEFT UPPER QUADRANT","Left Upper Quadrant of Abdomen","NCIT:C151397","NCIT"
"LESSER CURVE","Lesser Curvature of the Stomach","NCIT:C12261","NCIT"
"LESSER SAC","Omental Bursa","NCIT:C81014","NCIT"
"LIP","Lip","NCIT:C12220","NCIT"
"LIVER","Liver","NCIT:C12392","NCIT"
"LIVER LEFT LOBE","Left Lobe of the Liver","NCIT:C32965","NCIT"
"LIVER LEFT LOBE+LIVER RIGHT LOBE","Left Lobe of the Liver<;>Right Lobe of the Liver","NCIT:C32965<;>NCIT:C33481","NCIT"
"LIVER RIGHT LOBE","Right Lobe of the Liver","NCIT:C33481","NCIT"
"LIVER, LEFT LUNG, PELVIC WASLL","Liver<;>Left Lung<;>Pelvic Wall","NCIT:C12392<;>NCIT:C32967<;>UBERON:8480043","NCIT<;>UBERON"
"LIVER, PELVIS, LN","Liver<;>Pelvis<;>Lymph Node","NCIT:C12392<;>NCIT:C12767<;>NCIT:C12745","NCIT"
"LIVER, SPLEEN","Spleen<;>Liver","NCIT:C12432<;>NCIT:C12392","NCIT"
"LIVER/RIGHT LOBE","Right Lobe of the Liver","NCIT:C33481","NCIT"
"LN","Lymph Node","NCIT:C12745","NCIT"
"LOCAL","Local","NCIT:C67263","NCIT"
"LOCALIZED","Localized","NCIT:C14146","NCIT"
"LOCALIZED TUMOR","Localized","NCIT:C14146","NCIT"
"LOCALLY ADVANCED","Locally Advanced Malignant Neoplasm","NCIT:C8524","NCIT"
"LOCOREGIONAL","Local-Regional","NCIT:C25388","NCIT"
"LOCOREGIONAL & DISTANT","Local-Regional<;>Distant","NCIT:C25388<;>NCIT:C25321","NCIT"
"LOCOREGIONAL AND DISTANT RECURRENCE","Local-Regional<;>Distant","NCIT:C25388<;>NCIT:C25321","NCIT"
"LOCOREGIONAL RECURRENCE","Local-Regional","NCIT:C25388","NCIT"
"LOWER","Lower Third of the Esophagus","NCIT:C12255","NCIT"
"LOWER ABDOMEN/PELVIS","Lower<;>Abdomen<;>Pelvis","NCIT:C25309<;>NCIT:C12664<;>NCIT:C12767","NCIT"
"LOWER ABDOMINAL/PELVIC - BLADDER","Lower<;>Abdomen<;>Pelvis<;>Bladder","NCIT:C25309<;>NCIT:C12664<;>NCIT:C12767<;>NCIT:C12414","NCIT"
"LOWER ABDOMINAL/PELVIC - OTHER PLEASE SPECIFY","Lower<;>Abdomen<;>Pelvis","NCIT:C25309<;>NCIT:C12664<;>NCIT:C12767","NCIT"
"LOWER ABDOMINAL/PELVIC - PELVIC","Lower<;>Abdomen<;>Pelvis","NCIT:C25309<;>NCIT:C12664<;>NCIT:C12767","NCIT"
"LOWER ABDOMINAL/PELVIC - PELVICGYNECOLOGICAL - UTERUS","Lower<;>Abdomen<;>Pelvis<;>Uterus","NCIT:C25309<;>NCIT:C12664<;>NCIT:C12767<;>NCIT:C12405","NCIT"
"LOWER ABDOMINAL/PELVIC - SPERMATIC CORD","Lower<;>Abdomen<;>Pelvis<;>Spermatic Cord","NCIT:C25309<;>NCIT:C12664<;>NCIT:C12767<;>NCIT:C12329","NCIT"
"LOWER EXTREMITY","Lower Extremity","NCIT:C12742","NCIT"
"LOWER EXTREMITY - FOOT/ANKLE","Lower Extremity<;>Foot<;>Ankle Joint","NCIT:C12742<;>NCIT:C32622<;>NCIT:C32078","NCIT"
"LOWER EXTREMITY - GROIN","Lower Extremity<;>Inguinal Region","NCIT:C12742<;>NCIT:C12726","NCIT"
"LOWER EXTREMITY - LOWER LEG/CALF","Lower Extremity<;>Lower<;>Leg<;>Calf","NCIT:C12742<;>NCIT:C25309<;>NCIT:C32974<;>NCIT:C93027","NCIT"
"LOWER EXTREMITY - OTHER PLEASE SPECIFY","Lower Extremity","NCIT:C12742","NCIT"
"LOWER EXTREMITY - THIGH/KNEE","Lower Extremity<;>Thigh<;>Knee Joint","NCIT:C12742<;>NCIT:C33763<;>NCIT:C32898","NCIT"
"LOWER LEG/CALF","Lower<;>Leg<;>Calf","NCIT:C25309<;>NCIT:C32974<;>NCIT:C93027","NCIT"
"LUNG","Lung","NCIT:C12468","NCIT"
"LUNG METASTASIS","Lung<;>Metastasis","NCIT:C12468<;>NCIT:C19151","NCIT"
"LUNG, LEFT","Left Lung","NCIT:C32967","NCIT"
"LUNG, LEFT LOBE","Lobe of the Left Lung","NCIT:C48945","NCIT"
"LUNG, LEFT LOWER LOBE","Lower Lobe of the Left Lung","NCIT:C33020","NCIT"
"LUNG, LEFT UPPER LOBE","Upper Lobe of the Left Lung","NCIT:C33021","NCIT"
"LUNG, PLEURA, DIAPHRAGM; RIGHT","Right<;>Lung<;>Pleura<;>Diaphragm","NCIT:C25228<;>NCIT:C12468<;>NCIT:C12469<;>NCIT:C12702","NCIT"
"LUNG, RIGHT","Right Lung","NCIT:C33483","NCIT"
"LUNG, RIGHT LOWER LOBE","Lower Lobe of the Right Lung","NCIT:C33022","NCIT"
"LUNG, RIGHT MIDDLE LOBE","Middle Lobe of the Right Lung","NCIT:C12286","NCIT"
"LUNG, RIGHT UPPER LOBE","Upper Lobe of the Right Lung","NCIT:C33023","NCIT"
"LUNG/LEFT LOWER LOBE","Lower Lobe of the Left Lung","NCIT:C33020","NCIT"
"LUNG/LOWER LOBE","Lower Lobe of the Lung","NCIT:C12287","NCIT"
"LUNG/MIDDLE LOBE","Middle Lobe of the Right Lung","NCIT:C12286","NCIT"
"LUNG/PLEURA","Lung<;>Pleura","NCIT:C12468<;>NCIT:C12469","NCIT"
"LUNGLINGULA","Lingula of the Lung","NCIT:C40373","NCIT"
"LUNGS, ILIAC NERVE","Iliac Nerve Plexus<;>Lung","FMA:21537<;>NCIT:C12468","FMA<;>NCIT"
"LYMPH NODE","Lymph Node","NCIT:C12745","NCIT"
"LYMPH NODE METASTASES","Lymph Node<;>Metastasis","NCIT:C12745<;>NCIT:C19151","NCIT"
"LYMPH NODE METASTASIS","Lymph Node<;>Metastasis","NCIT:C12745<;>NCIT:C19151","NCIT"
"LYMPH NODE, LEFT SUPRACLAVICULAR","Left Supraclavicular Lymph Node","FMA:232719","FMA"
"LYMPH NODE, RIGHT AXILLARY","Right<;>Axillary Lymph Node","NCIT:C25228<;>NCIT:C12904","NCIT"
"LYMPH NODE, RIGHT PARA ILIAC","Lymph Node<;>Right<;>Ilium","NCIT:C12745<;>NCIT:C25228<;>NCIT:C32765","NCIT"
"LYMPH NODES","Lymph Node","NCIT:C12745","NCIT"
"LYMPH_NODE","Lymph Node","NCIT:C12745","NCIT"
"LYMPHOID TISSUE","Lymphoid Tissue","NCIT:C13049","NCIT"
"M","Middle<;>Stomach","NCIT:C25569<;>NCIT:C12391","NCIT"
"MANDIBLE","Mandible","NCIT:C12290","NCIT"
"MANTLE CELL LYMPHOMA B CELL NON-HODGKIN'S LYMPHOMA","Blood<;>B-Lymphocyte","NCIT:C12434<;>NCIT:C12474","NCIT"
"MATCHING TISSUE","Prostate Gland","NCIT:C12410","NCIT"
"MAXILLA","Maxilla","NCIT:C26470","NCIT"
"MAXILLARY SINUS","Maxillary Sinus","NCIT:C12275","NCIT"
"MEDIASTINAL","Mediastinum","NCIT:C12748","NCIT"
"MEDIASTINUM","Mediastinum","NCIT:C12748","NCIT"
"MEDIASTIUM, PULMONARY METS.","Mediastinum<;>Lung","NCIT:C12748<;>NCIT:C12468","NCIT"
"METASTASIS","Metastasis","NCIT:C19151","NCIT"
"METASTATIC","Metastatic","NCIT:C14174","NCIT"
"METASTATIC CASTRATION-RESISTANT","Metastatic","NCIT:C14174","NCIT"
"METASTATIC HORMONE-SENSITIVE","Metastatic","NCIT:C14174","NCIT"
"METASTATIC, VARIANT HISTOLOGY","Metastatic","NCIT:C14174","NCIT"
"MID","Middle","NCIT:C25569","NCIT"
"MID RECTAL TUMOR","Rectum<;>Middle","NCIT:C12390<;>NCIT:C25569","NCIT"
"MID RECTUM","Rectum<;>Middle","NCIT:C12390<;>NCIT:C25569","NCIT"
"MID TO DISTAL RECTUM","Rectum<;>Distal<;>Middle","NCIT:C12390<;>NCIT:C25237<;>NCIT:C25569","NCIT"
"MID-DISTAL","Middle<;>Distal","NCIT:C25569<;>NCIT:C25237","NCIT"
"MID-DISTAL RECTUM","Rectum<;>Distal<;>Middle","NCIT:C12390<;>NCIT:C25237<;>NCIT:C25569","NCIT"
"MID-RECTUM","Rectum<;>Middle","NCIT:C12390<;>NCIT:C25569","NCIT"
"MID-TO-DISTAL RECTUM","Rectum<;>Distal<;>Middle","NCIT:C12390<;>NCIT:C25237<;>NCIT:C25569","NCIT"
"MIDDISTAL","Middle<;>Distal","NCIT:C25569<;>NCIT:C25237","NCIT"
"MIDDLE","Middle Lobe of the Prostate","NCIT:C13094","NCIT"
"MIDDLE 1/3","Middle<;>Stomach","NCIT:C25569<;>NCIT:C12391","NCIT"
"MIDDLEBASE","Middle of the Prostate<;>Base of the Prostate","NCIT:C157168<;>NCIT:C13088","NCIT"
"MIDLINE","Midline","NCIT:C81170","NCIT"
"MINOR PELVIS EXTRA ADRENAL PGL","Lesser Pelvis<;>Extra-Adrenal","OMIT:0027038<;>NCIT:C103852","OMIT<;>NCIT"
"MULTIFOCAL LEFT FRONTAL/TEMPORAL/PARIETAL; RIGHT OCCIPITAL","Multifocal<;>Left<;>Frontal Lobe<;>Parietal Lobe<;>Temporal Lobe<;>Right<;>Occipital Lobe","NCIT:C25253<;>NCIT:C25229<;>NCIT:C12352<;>NCIT:C12354<;>NCIT:C12353<;>NCIT:C25228<;>NCIT:C12355","NCIT"
"MUSCLE","Muscle","NCIT:C13056","NCIT"
"NASAL CAVITY","Nasal Cavity","NCIT:C12424","NCIT"
"NASAL SEPTUM","Nasal Septum","NCIT:C33160","NCIT"
"NASOPHARYNX","Nasopharynx","NCIT:C12423","NCIT"
"NATRUNK","Trunk","NCIT:C33816","NCIT"
"NECK","Neck of Gallbladder","FMA:14538","FMA"
"NECK LYMPH NODE","Neck<;>Lymph Node","NCIT:C13063<;>NCIT:C12745","NCIT"
"NECK MASS","Neck","NCIT:C13063","NCIT"
"NON-METASTATIC CASTRATION-RESISTANT","Nonmetastatic","NCIT:C14148","NCIT"
"NONRESPONDING ADRENAL GLAND METASTASIS","Metastatic Malignant Neoplasm in the Adrenal Gland","NCIT:C8610","NCIT"
"NONRESPONDING CUTANEOUS METASTASIS","Skin<;>Metastasis","NCIT:C12470<;>NCIT:C19151","NCIT"
"NONRESPONDING INGUINAL METASTASIS","Inguinal Region<;>Metastasis","NCIT:C12726<;>NCIT:C19151","NCIT"
"NONRESPONDING SPLEEN METASTASIS","Spleen<;>Metastasis","NCIT:C12432<;>NCIT:C19151","NCIT"
"OCCIPITAL AND TEMPORAL LOBE","Occipital Lobe<;>Temporal Lobe","NCIT:C12355<;>NCIT:C12353","NCIT"
"OCCIPITAL LOBE","Occipital Lobe","NCIT:C12355","NCIT"
"OCCIPITAL LOBE,PARIETAL LOBE","Occipital Lobe<;>Parietal Lobe","NCIT:C12355<;>NCIT:C12354","NCIT"
"OCCIPITAL LOBE,PARIETAL LOBE,TEMPORAL LOBE","Occipital Lobe<;>Parietal Lobe<;>Temporal Lobe","NCIT:C12355<;>NCIT:C12354<;>NCIT:C12353","NCIT"
"OCCIPITAL LOBE,SUPRASELLAR/HYPOTHALAMIC/PITUITARY","Occipital Lobe<;>Suprasellar<;>Hypothalamus<;>Pituitary Gland","NCIT:C12355<;>NCIT:C95445<;>NCIT:C12458<;>NCIT:C12399","NCIT"
"OCCIPITAL LOBE,TEMPORAL LOBE","Occipital Lobe<;>Temporal Lobe","NCIT:C12355<;>NCIT:C12353","NCIT"
"OMENTUM","Omentum","NCIT:C33209","NCIT"
"OMENTUM, PERITONEUM, UTERUS","Omentum<;>Peritoneum<;>Uterus","NCIT:C33209<;>NCIT:C12770<;>NCIT:C12405","NCIT"
"OPTIC CHIASM","Optic Chiasm","NCIT:C90609","NCIT"
"OPTIC NERVE","Optic Nerve","NCIT:C12761","NCIT"
"OPTIC PATHWAY","Visual Pathway","NCIT:C41445","NCIT"
"OPTIC PATHWAY,SUPRASELLAR/HYPOTHALAMIC/PITUITARY","Visual Pathway<;>Suprasellar<;>Hypothalamus<;>Pituitary Gland","NCIT:C41445<;>NCIT:C95445<;>NCIT:C12458<;>NCIT:C12399","NCIT"
"OPTIC PATHWAY,SUPRASELLAR/HYPOTHALAMIC/PITUITARY,TEMPORAL LOBE","Visual Pathway<;>Suprasellar<;>Hypothalamus<;>Pituitary Gland<;>Temporal Lobe","NCIT:C41445<;>NCIT:C95445<;>NCIT:C12458<;>NCIT:C12399<;>NCIT:C12353","NCIT"
"OPTIC PATHWAY,SUPRASELLAR/HYPOTHALAMIC/PITUITARY,THALAMUS","Visual Pathway<;>Suprasellar<;>Hypothalamus<;>Pituitary Gland<;>Thalamus","NCIT:C41445<;>NCIT:C95445<;>NCIT:C12458<;>NCIT:C12399<;>NCIT:C12459","NCIT"
"ORAL CAVITY","Oral Cavity","NCIT:C12421","NCIT"
"ORBITAL CAVITY","Orbit","NCIT:C12347","NCIT"
"ORBITAL MASS","Orbit","NCIT:C12347","NCIT"
"OROPHARYNX","Oropharynx","NCIT:C12762","NCIT"
"OTHER LOCATIONS NOS,SPINAL CORD- LUMBAR/THECAL SAC,SPINAL CORD- THORACIC,TEMPORAL LOBE","Lumbar Spine<;>Spinal Cord Dura Mater<;>Thoracic Spine<;>Temporal Lobe","NCIT:C69314<;>NCIT:C49799<;>NCIT:C69315<;>NCIT:C12353","NCIT"
"OTHER LOCATIONS NOS,SPINAL CORD- LUMBAR/THECAL SAC,SPINAL CORD- THORACIC,VENTRICLES","Lumbar Spine<;>Spinal Cord Dura Mater<;>Thoracic Spine<;>Brain Ventricle","NCIT:C69314<;>NCIT:C49799<;>NCIT:C69315<;>NCIT:C12356","NCIT"
"OTHER SOFT TISSUE","Soft Tissue","NCIT:C12471","NCIT"
"OTHERREGIONAL CUTANEOUS OR SUBCUTANEOUS TISSUE","Skin/Subcutaneous Tissue","NCIT:C92441","NCIT"
"OTHERREGIONAL LYMPH NODE","Regional Lymph Node","NCIT:C49018","NCIT"
"OVARIES","Ovary","NCIT:C12404","NCIT"
"OVARY","Ovary","NCIT:C12404","NCIT"
"OVARY, UTERUS,RECTUM","Ovary<;>Uterus<;>Rectum","NCIT:C12404<;>NCIT:C12405<;>NCIT:C12390","NCIT"
"PALATE","Palate","NCIT:C12229","NCIT"
"PANCREAS","Pancreas","NCIT:C12393","NCIT"
"PANCREAS TAIL","Tail of the Pancreas","NCIT:C12271","NCIT"
"PARA-ADRENAL SOFT TISSUE EXTRA ADRENAL PGL","Soft Tissue<;>Extra-Adrenal","NCIT:C12471<;>NCIT:C103852","NCIT"
"PARA-AORTIC /PERI-CAVAL EXTRA ADRENAL PGL","Paraaortic Region<;>Vena Cava<;>Extra-Adrenal","NCIT:C25316<;>NCIT:C12817<;>NCIT:C103852","NCIT"
"PARA-AORTIC /PERI-CAVAL RETROPERITONEAL EXTRA ADRENAL PGL","Paraaortic Region<;>Vena Cava<;>Retroperitoneal<;>Extra-Adrenal","NCIT:C25316<;>NCIT:C12817<;>NCIT:C28256<;>NCIT:C103852","NCIT"
"PARA-AORTIC EXTRA ADRENAL PGL","Paraaortic Region<;>Extra-Adrenal","NCIT:C25316<;>NCIT:C103852","NCIT"
"PARA-AORTIC/CELIAC ARTERY EXTRA ADRENAL PGL","Paraaortic Region<;>Celiac Artery<;>Extra-Adrenal","NCIT:C25316<;>NCIT:C52846<;>NCIT:C103852","NCIT"
"PARA-ESOPHAGEAL","Paraesophageal","NCIT:C25344","NCIT"
"PARAAORTIC","Paraaortic Region","NCIT:C25316","NCIT"
"PARAAORTIC LYMPH NODE","Aortocaval Lymph Node","NCIT:C118775","NCIT"
"PARAESOPHAGEAL","Paraesophageal","NCIT:C25344","NCIT"
"PARASPINAL AT C7","Paraspinal<;>C7 Vertebra","NCIT:C129461<;>NCIT:C32245","NCIT"
"PARASPINAL AT T11","Paraspinal<;>T11 Vertebra","NCIT:C129461<;>NCIT:C33722","NCIT"
"PARATESTICULAR","Paratesticular Region","NCIT:C162491","NCIT"
"PARIETAL","Parietal","NCIT:C25312","NCIT"
"PARIETAL AND OCCIPITAL LOBE","Occipital Lobe<;>Parietal Lobe","NCIT:C12355<;>NCIT:C12354","NCIT"
"PARIETAL AND TEMPORAL LOBE","Parietal Lobe<;>Temporal Lobe","NCIT:C12354<;>NCIT:C12353","NCIT"
"PARIETAL LOBE","Parietal Lobe","NCIT:C12354","NCIT"
"PARIETAL LOBE,TEMPORAL LOBE","Parietal Lobe<;>Temporal Lobe","NCIT:C12354<;>NCIT:C12353","NCIT"
"PARIETAL METASTASIS","Parietal Lobe<;>Metastasis","NCIT:C12354<;>NCIT:C19151","NCIT"
"PARIETAL, OCCIPITAL AND TEMPORAL LOBE","Occipital Lobe<;>Parietal Lobe<;>Temporal Lobe","NCIT:C12355<;>NCIT:C12354<;>NCIT:C12353","NCIT"
"PARIETAL, OCCIPITAL, TEMPORAL LOBE","Occipital Lobe<;>Parietal Lobe<;>Temporal Lobe","NCIT:C12355<;>NCIT:C12354<;>NCIT:C12353","NCIT"
"PARIETO-OCCIPITAL","Parieto-Occipital","NCIT:C170564","NCIT"
"PAROTID GLAND","Parotid Gland","NCIT:C12427","NCIT"
"PATIETAL","Parietal Lobe","NCIT:C12354","NCIT"
"PELVIC","Pelvis","NCIT:C12767","NCIT"
"PELVIC MASS","Pelvic Mass","NCIT:C151938","NCIT"
"PELVIC NODULE, LEFT","Left<;>Pelvis","NCIT:C25229<;>NCIT:C12767","NCIT"
"PELVIC PERITONEUM","Pelvic Peritoneum","NCIT:C159344","NCIT"
"PELVIC PERITONEUM AND ASCITES","Pelvic Peritoneum<;>Peritoneal Effusion","NCIT:C159344<;>NCIT:C2885","NCIT"
"PELVIC PERITONEUM AND INFRACOLIC OMENTUM","Pelvic Peritoneum<;>Greater Omentum","NCIT:C159344<;>NCIT:C32697","NCIT"
"PELVIC RECURRENCE","Pelvis","NCIT:C12767","NCIT"
"PELVIC_MASS","Pelvis","NCIT:C12767","NCIT"
"PELVIS","Pelvis","NCIT:C12767","NCIT"
"PELVIS, SITE INDETERMINATE","Pelvis","NCIT:C12767","NCIT"
"PELVIS/BUTTOCK","Pelvis<;>Buttock","NCIT:C12767<;>NCIT:C89806","NCIT"
"PELVIS/LABIA","Pelvis<;>Labial","NCIT:C12767<;>NCIT:C96267","NCIT"
"PELVIS/PERINEAL","Pelvis<;>Perineal Gland","NCIT:C12767<;>NCIT:C77621","NCIT"
"PELVISUTERUS","Uterus<;>Pelvis","NCIT:C12405<;>NCIT:C12767","NCIT"
"PENILE","Penis","NCIT:C12409","NCIT"
"PENIS","Penis","NCIT:C12409","NCIT"
"PERI-ADRENAL EXTRA ADRENAL PGL","Extra-Adrenal","NCIT:C103852","NCIT"
"PERI-ADRENAL RETROPERITONEAL EXTRA ADRENAL PGL","Retroperitoneal<;>Extra-Adrenal","NCIT:C28256<;>NCIT:C103852","NCIT"
"PERI-AORTIC EXTRA ADRENAL PGL ABOVE LEFT RENAL VEIN","Extra-Adrenal Retroperitoneal Paraganglioma","NCIT:C5328","NCIT"
"PERI-AORTIC RETROPERITONEAL EXTRA ADRENAL PGL","Retroperitoneal paraganglioma","HP:0006729","HP"
"PERI-RENAL EXTRA ADRENAL PGL","Extra-Adrenal<;>Renal","NCIT:C103852<;>NCIT:C25225","NCIT"
"PERIAORTIC","Aortocaval Lymph Node","NCIT:C118775","NCIT"
"PERIAORTIC LYMPH NODE","Paraaortic Lymph Node","NCIT:C77643","NCIT"
"PERICARDIAL EFFUSION","Pericardial Effusion","NCIT:C3319","NCIT"
"PERIHILAR","Bile Duct","NCIT:C12376","NCIT"
"PERINEA!","Perineum","NCIT:C33301","NCIT"
"PERINEPHRIC","Perinephric","NCIT:C62408","NCIT"
"PERINEPHRIC METASTASIS","Perinephric<;>Metastasis","NCIT:C62408<;>NCIT:C19151","NCIT"
"PERIPANCREATIC","Pancreatic","NCIT:C25726","NCIT"
"PERIPHERAL BLOOD","Peripheral Blood","NCIT:C173496","NCIT"
"PERIPHERAL BLOOD / B-CELL NON-HODGKIN LYMPHOMA MANTLE CELL LYMPHOMA","Peripheral Blood<;>B-Lymphocyte","NCIT:C173496<;>NCIT:C12474","NCIT"
"PERIPHERAL BLOOD, MANTLE CELL LYMPHOMA","Peripheral Blood","NCIT:C173496","NCIT"
"PERIPHERAL BLOOD/B-CELL NON-HODGKIN LYMPHOMA","Peripheral Blood<;>B-Lymphocyte","NCIT:C173496<;>NCIT:C12474","NCIT"
"PERIPHERAL BLOOD/MANTLE CELL LYMPHOMA B CELL NON-HODGKIN'S LYMPHOMA","Peripheral Blood<;>B-Lymphocyte","NCIT:C173496<;>NCIT:C12474","NCIT"
"PERIPHERAL BLOODCD3-","Peripheral Blood","NCIT:C173496","NCIT"
"PERIPHERAL LUNG","Peripheral Lung","NCIT:C159212","NCIT"
"PERIPORTAL","Liver Acinus Zone 1","NCIT:C32993","NCIT"
"PERIRECTAL","Anorectal","NCIT:C129464","NCIT"
"PERIRENAL","Perirenal Space","UBERON:8480016","UBERON"
"PERITONEAL","Peritoneal","NCIT:C25313","NCIT"
"PERITONEAL EFFUSION/B-CELL NON-HODGKIN LYMPHOMA","Peritoneum<;>B-Lymphocyte","NCIT:C12770<;>NCIT:C12474","NCIT"
"PERITONEAL EFFUSION/B-NHL DIFFUSE LARGE CELL","Peritoneum<;>B-Lymphocyte","NCIT:C12770<;>NCIT:C12474","NCIT"
"PERITONEAL NODULE","Peritoneum","NCIT:C12770","NCIT"
"PERITONEAL NODULES","Peritoneal<;>Nodule","NCIT:C25313<;>NCIT:C3280","NCIT"
"PERITONEUM","Peritoneum","NCIT:C12770","NCIT"
"PERITONEUM OVARY","Peritoneum<;>Ovary","NCIT:C12770<;>NCIT:C12404","NCIT"
"PHARYNX","Pharynx","NCIT:C12425","NCIT"
"PLASMA","Plasma","NCIT:C13356","NCIT"
"PLEURA","Pleura","NCIT:C12469","NCIT"
"PLEURA, LEFT","Left<;>Pleura","NCIT:C25229<;>NCIT:C12469","NCIT"
"PLEURA, LYMPH NODE","Pleura<;>Lymph Node","NCIT:C12469<;>NCIT:C12745","NCIT"
"PLEURA, RIGHT","Right<;>Pleura","NCIT:C25228<;>NCIT:C12469","NCIT"
"PLEURAL EFFUSION","Pleural Effusion","NCIT:C3331","NCIT"
"PLEURAL EFFUSION, LEFT","Left<;>Pleural Effusion","NCIT:C25229<;>NCIT:C3331","NCIT"
"PLEURAL EFFUSION, RIGHT","Right<;>Pleural Effusion","NCIT:C25228<;>NCIT:C3331","NCIT"
"PLEURAL EFFUSION/B-CELL NON-HODGKIN LYMPHOMA DLCL","Pleural Fluid<;>B-Lymphocyte","NCIT:C77613<;>NCIT:C12474","NCIT"
"PLEURAL FLUID","Pleural Fluid","NCIT:C77613","NCIT"
"PLEURAL_FLUID","Pleural Fluid","NCIT:C77613","NCIT"
"PLUERA","Pleura","NCIT:C12469","NCIT"
"PLUERA, LEFT","Left<;>Pleura","NCIT:C25229<;>NCIT:C12469","NCIT"
"PLUERA, RIGHT","Right<;>Pleura","NCIT:C25228<;>NCIT:C12469","NCIT"
"PLUERAL FLUID","Pleural Fluid","NCIT:C77613","NCIT"
"PORTAL","Portal","NCIT:C38007","NCIT"
"PORTAL LYMPH NODE METASTASIS","Portal Lymph Node<;>Metastasis","NCIT:C77645<;>NCIT:C19151","NCIT"
"PORTO-CAVAL EXTRA ADRENAL PGL","Portacaval Lymph Node<;>Extra-Adrenal","NCIT:C117872<;>NCIT:C103852","NCIT"
"POSTERIOR ENDOMETRIUM","Posterior Endometrium","NCIT:C156432","NCIT"
"POSTERIOR FOSSA","Posterior Cranial Fossa","NCIT:C33361","NCIT"
"POSTERIOR FOSSA, BRAIN STEM","Posterior Cranial Fossa","NCIT:C33361","NCIT"
"POSTERIOR FOSSA, CEREBELLUM","Cerebellum<;>Posterior Cranial Fossa","NCIT:C12445<;>NCIT:C33361","NCIT"
"POSTERIOR FOSSA>SPINE","Posterior Cranial Fossa<;>Vertebral Column","NCIT:C33361<;>NCIT:C12998","NCIT"
"PRESACRAL","Presacral","NCIT:C75910","NCIT"
"PRIMARY","Primary","NCIT:C25251","NCIT"
"PRIMARYTRUNK","Trunk","NCIT:C33816","NCIT"
"PROSTATE","Prostate Gland","NCIT:C12410","NCIT"
"PROSTATETURP","Prostate Gland","NCIT:C12410","NCIT"
"PROXIMAL","Proximal","NCIT:C25236","NCIT"
"PROXIMALMID","Proximal<;>Middle","NCIT:C25236<;>NCIT:C25569","NCIT"
"PSOAS MASS","Psoas Muscle","NCIT:C33422","NCIT"
"PUBIC NONRESPONDING METASTSIS","Pubic Bone<;>Metastasis","NCIT:C33423<;>NCIT:C19151","NCIT"
"PYLORUS","Pylorus","NCIT:C12260","NCIT"
"R AXILLARY LYMPH NODE METASTASIS","Right<;>Axillary Lymph Node<;>Metastasis","NCIT:C25228<;>NCIT:C12904<;>NCIT:C19151","NCIT"
"R CHEST WALL NODULAR METASTASIS","Right<;>Chest Wall<;>Metastasis","NCIT:C25228<;>NCIT:C62484<;>NCIT:C19151","NCIT"
"R ELBOW METASTASIS","Right<;>Elbow Joint<;>Metastasis","NCIT:C25228<;>NCIT:C32497<;>NCIT:C19151","NCIT"
"R OCCIPITAL BRAIN","Right<;>Occipital Lobe","NCIT:C25228<;>NCIT:C12355","NCIT"
"RECTUM","Rectum","NCIT:C12390","NCIT"
"REGIONAL CUTANEOUS OR SUBCUTANEOUS TISSUE","Skin/Subcutaneous Tissue","NCIT:C92441","NCIT"
"REGIONAL CUTANEOUS OR SUBCUTANEOUS TISSUE INCLUDES SATELLITE AND IN-TRANSIT METASTASIS","Skin/Subcutaneous Tissue<;>Metastasis","NCIT:C92441<;>NCIT:C19151","NCIT"
"REGIONAL CUTANEOUS OR SUBCUTANEOUS TISSUETRUNK","Skin/Subcutaneous Tissue<;>Trunk","NCIT:C92441<;>NCIT:C33816","NCIT"
"REGIONAL LYMPH NODE","Regional Lymph Node","NCIT:C49018","NCIT"
"REGIONAL LYMPH NODETRUNK","Regional Lymph Node<;>Trunk","NCIT:C49018<;>NCIT:C33816","NCIT"
"REGIONAL NODES","Regional Lymph Node","NCIT:C49018","NCIT"
"REGIONAL RECURRENCE","Regional","NCIT:C25643","NCIT"
"RENAL","Renal","NCIT:C25225","NCIT"
"RENAL PELVIS","Renal Pelvis","NCIT:C12887","NCIT"
"RENAL PELVIS; URETER","Ureter<;>Renal Pelvis","NCIT:C12416<;>NCIT:C12887","NCIT"
"RENAL VEIN","Renal Vein","NCIT:C33462","NCIT"
"RETROCAVAL RETROPERITONEAL EXTRA ADRENAL PGL","Retrocaval<;>Retroperitoneal<;>Extra-Adrenal","NCIT:C186236<;>NCIT:C28256<;>NCIT:C103852","NCIT"
"RETROCAVAL RETROPERITONEUM EXTRA ADRENAL PGL","Retrocaval<;>Retroperitoneum<;>Extra-Adrenal","NCIT:C186236<;>NCIT:C12298<;>NCIT:C103852","NCIT"
"RETROMOLAR TRIGONE","Retromolar Trigone","NCIT:C54223","NCIT"
"RETROPERITONEAL","Retroperitoneal","NCIT:C28256","NCIT"
"RETROPERITONEAL EXTRA ADRENAL PGL","Retroperitoneal<;>Extra-Adrenal","NCIT:C28256<;>NCIT:C103852","NCIT"
"RETROPERITONEAL LYMPH NODE","Retroperitoneal Lymph Node","NCIT:C98189","NCIT"
"RETROPERITONEAL LYMPH NODE 1 YEAR PRIOR NOT MATCHING BIOPSY","Retroperitoneal Lymph Node","NCIT:C98189","NCIT"
"RETROPERITONEAL MASS","Retroperitoneal","NCIT:C28256","NCIT"
"RETROPERITONEAL PELVIS","Pelvis<;>Retroperitoneum","NCIT:C12767<;>NCIT:C12298","NCIT"
"RETROPERITONEUM","Retroperitoneum","NCIT:C12298","NCIT"
"RETROPERITONEUM/UPPER ABDOMINAL","Retroperitoneum<;>Upper<;>Abdominal","NCIT:C12298<;>NCIT:C25355<;>NCIT:C25342","NCIT"
"RETROPERITONEUM/UPPER ABDOMINAL - COLON","Retroperitoneum<;>Upper<;>Abdominal<;>Colon","NCIT:C12298<;>NCIT:C25355<;>NCIT:C25342<;>NCIT:C12382","NCIT"
"RETROPERITONEUM/UPPER ABDOMINAL - GASTRIC","Retroperitoneum<;>Upper<;>Abdominal<;>Stomach","NCIT:C12298<;>NCIT:C25355<;>NCIT:C25342<;>NCIT:C12391","NCIT"
"RETROPERITONEUM/UPPER ABDOMINAL - INTRAABDOMINAL","Intra-abdominal<;>Retroperitoneum<;>Upper<;>Abdominal","NCIT:C12492<;>NCIT:C12298<;>NCIT:C25355<;>NCIT:C25342","NCIT"
"RETROPERITONEUM/UPPER ABDOMINAL - INTRAABDOMINALRETROPERITONEUM/UPPER ABDOMINAL - OTHER PLEASE SPECIFY","Intra-abdominal<;>Retroperitoneum<;>Upper<;>Abdominal","NCIT:C12492<;>NCIT:C12298<;>NCIT:C25355<;>NCIT:C25342","NCIT"
"RETROPERITONEUM/UPPER ABDOMINAL - KIDNEY","Retroperitoneum<;>Upper<;>Abdominal<;>Kidney","NCIT:C12298<;>NCIT:C25355<;>NCIT:C25342<;>NCIT:C12415","NCIT"
"RETROPERITONEUM/UPPER ABDOMINAL - KIDNEYRETROPERITONEUM/UPPER ABDOMINAL - LIVERRETROPERITONEUM/UPPER ABDOMINAL - OTHER PLEASE SPECIFY","Retroperitoneum<;>Upper<;>Abdominal<;>Kidney<;>Liver","NCIT:C12298<;>NCIT:C25355<;>NCIT:C25342<;>NCIT:C12415<;>NCIT:C12392","NCIT"
"RETROPERITONEUM/UPPER ABDOMINAL - OTHER PLEASE SPECIFY","Retroperitoneum<;>Upper<;>Abdominal","NCIT:C12298<;>NCIT:C25355<;>NCIT:C25342","NCIT"
"RETROPERITONEUM/UPPER ABDOMINAL - PANCREAS","Retroperitoneum<;>Upper<;>Abdominal<;>Pancreas","NCIT:C12298<;>NCIT:C25355<;>NCIT:C25342<;>NCIT:C12393","NCIT"
"RETROPERITONEUM/UPPER ABDOMINAL - RETROPERITONEUM","Retroperitoneum<;>Upper<;>Abdominal","NCIT:C12298<;>NCIT:C25355<;>NCIT:C25342","NCIT"
"RETROPERITONEUM/UPPER ABDOMINAL - RETROPERITONEUMRETROPERITONEUM/UPPER ABDOMINAL - OTHER PLEASE SPECIFY","Retroperitoneum<;>Upper<;>Abdominal","NCIT:C12298<;>NCIT:C25355<;>NCIT:C25342","NCIT"
"RETROPERITONEUM/UPPER ABDOMINAL - RETROPERITONEUMRETROPERITONEUM/UPPER ABDOMINAL - SMALL INTESTINESRETROPERITONEUM/UPPER ABDOMINAL - OTHER PLEASE SPECIFY","Retroperitoneum<;>Upper<;>Abdominal<;>Small Intestine","NCIT:C12298<;>NCIT:C25355<;>NCIT:C25342<;>NCIT:C12392","NCIT"
"RETROPERITONEUM/UPPER ABDOMINAL - SMALL INTESTINES","Retroperitoneum<;>Upper<;>Abdominal<;>Small Intestine","NCIT:C12298<;>NCIT:C25355<;>NCIT:C25342<;>NCIT:C12392","NCIT"
"RETROPERITONEUM/UPPER ABDOMINAL - SMALL INTESTINESRETROPERITONEUM/UPPER ABDOMINAL - OTHER PLEASE SPECIFY","Retroperitoneum<;>Upper<;>Abdominal<;>Small Intestine","NCIT:C12298<;>NCIT:C25355<;>NCIT:C25342<;>NCIT:C12392","NCIT"
"RETROPERITONEUM/UPPER ABDOMINALSMALL INTESTINE","Retroperitoneum<;>Upper<;>Abdominal<;>Small Intestine","NCIT:C12298<;>NCIT:C25355<;>NCIT:C25342<;>NCIT:C12386","NCIT"
"RETROPERITONEUMRETROPERITONEUM/UPPER ABDOMINAL","Retroperitoneum<;>Upper<;>Abdominal","NCIT:C12298<;>NCIT:C25355<;>NCIT:C25342","NCIT"
"RETROPERITONEUMRETROPERITONEUM/UPPER ABDOMINALSMALL INTESTINE","Retroperitoneum<;>Upper<;>Abdominal<;>Small Intestine","NCIT:C12298<;>NCIT:C25355<;>NCIT:C25342<;>NCIT:C12386","NCIT"
"RETROPERITONIUM","Retroperitoneum","NCIT:C12298","NCIT"
"RIGHT","Right","NCIT:C25228","NCIT"
"RIGHT ADNEXA","Right<;>Adnexa","NCIT:C25228<;>NCIT:C137974","NCIT"
"RIGHT ADRENAL","Right<;>Adrenal Gland","NCIT:C25228<;>NCIT:C12666","NCIT"
"RIGHT BRONCHUS INTERMEDIUS","Subsegmental Bronchus of Right Lung","NCIT:C41268","NCIT"
"RIGHT CELIAC LYMPH NODE","Right<;>Celiac Lymph Node","NCIT:C25228<;>NCIT:C65166","NCIT"
"RIGHT CEREBELLUM/OCCIPITAL","Right<;>Cerebellum<;>Occipital Lobe","NCIT:C25228<;>NCIT:C12445<;>NCIT:C12355","NCIT"
"RIGHT CERVICAL","Right<;>Cervix Uteri","NCIT:C25228<;>NCIT:C12311","NCIT"
"RIGHT CERVICAL LYMPH NODE","Right<;>Cervical Lymph Node","NCIT:C25228<;>NCIT:C32298","NCIT"
"RIGHT COLON","Right Colon","NCIT:C12383","NCIT"
"RIGHT DIAPHRAGM","Right<;>Diaphragm","NCIT:C25228<;>NCIT:C12702","NCIT"
"RIGHT FALLOPIAN TUBE","Right Fallopian Tube","NCIT:C33475","NCIT"
"RIGHT FRONTAL","Right<;>Frontal Lobe","NCIT:C25228<;>NCIT:C12352","NCIT"
"RIGHT FRONTAL/BASAL GANGLIA","Right<;>Frontal Lobe<;>Basal Ganglia","NCIT:C25228<;>NCIT:C12352<;>NCIT:C12447","NCIT"
"RIGHT FRONTOTEMPORAL","Right<;>Frontal Lobe<;>Temporal Lobe","NCIT:C25228<;>NCIT:C12352<;>NCIT:C12353","NCIT"
"RIGHT HUMERUS","Right<;>Humerus","NCIT:C25228<;>NCIT:C12731","NCIT"
"RIGHT ILIAC LYMPH NODE","Right<;>Iliac Lymph Node","NCIT:C25228<;>NCIT:C32761","NCIT"
"RIGHT JUGULODIGASTRIC LYMPH NODE","Right<;>Jugulodigastric Lymph Node","NCIT:C25228<;>UBERON:0038936","NCIT<;>UBERON"
"RIGHT LUNG UPPER LOBE","Upper Lobe of the Right Lung","NCIT:C33023","NCIT"
"RIGHT LUNG/LOWER LOBE","Lower Lobe of the Right Lung","NCIT:C33022","NCIT"
"RIGHT MEDIASTINAL LYMPH NODE","Right<;>Mediastinal Lymph Node","NCIT:C25228<;>NCIT:C33073","NCIT"
"RIGHT MIDDLE LOBE","Middle Lobe of the Right Lung","NCIT:C12286","NCIT"
"RIGHT NECK","Right<;>Neck","NCIT:C25228<;>NCIT:C13063","NCIT"
"RIGHT OCCIPITAL BRAIN","Right<;>Occipital Lobe","NCIT:C25228<;>NCIT:C12355","NCIT"
"RIGHT OCCIPITAL NODE","Right<;>Occipital Lymph Node","NCIT:C25228<;>NCIT:C98188","NCIT"
"RIGHT OVARY","Right<;>Ovary","NCIT:C25228<;>NCIT:C12404","NCIT"
"RIGHT PARIETAL","Right<;>Parietal Lobe","NCIT:C25228<;>NCIT:C12354","NCIT"
"RIGHT PARIETAL OCCIPITAL","Right<;>Parietal Lobe<;>Occipital Lobe","NCIT:C25228<;>NCIT:C12354<;>NCIT:C12355","NCIT"
"RIGHT PARIETAL; RIGHT TEMPORAL","Right<;>Parietal Lobe<;>Temporal Lobe","NCIT:C25228<;>NCIT:C12354<;>NCIT:C12353","NCIT"
"RIGHT PARIETO-OCCIPITAL","Right<;>Parietal Lobe<;>Occipital Lobe","NCIT:C25228<;>NCIT:C12354<;>NCIT:C12355","NCIT"
"RIGHT PERINEPHRIC","Right<;>Perinephric","NCIT:C25228<;>NCIT:C62408","NCIT"
"RIGHT PERINEPHRIC LYMPH NODE","Right<;>Perinephric<;>Lymph Node","NCIT:C25228<;>NCIT:C62408<;>NCIT:C12745","NCIT"
"RIGHT PLEURAL","Right<;>Pleura","NCIT:C25228<;>NCIT:C12469","NCIT"
"RIGHT POSTERIOR MEDIASTINAL","Right<;>Posterior Mediastinum","NCIT:C25228<;>NCIT:C33368","NCIT"
"RIGHT PROXIMAL HUMERAL","Right<;>Proximal<;>Humerus","NCIT:C25228<;>NCIT:C25236<;>NCIT:C12731","NCIT"
"RIGHT RETROPERITONEAL","Right<;>Retroperitoneal","NCIT:C25228<;>NCIT:C28256","NCIT"
"RIGHT RETROPERITONEAL LYMPH NODE","Right<;>Retroperitoneal Lymph Node","NCIT:C25228<;>NCIT:C98189","NCIT"
"RIGHT SUPRARENAL","Right<;>Suprarenal","NCIT:C25228<;>NCIT:C151959","NCIT"
"RIGHT TEMPORAL","Right<;>Temporal Lobe","NCIT:C25228<;>NCIT:C12353","NCIT"
"RIGHT TEMPORAL BRAIN","Right<;>Temporal Lobe","NCIT:C25228<;>NCIT:C12353","NCIT"
"RIGHT TEMPORO-OCCIPITAL","Right<;>Temporal Lobe<;>Occipital Lobe","NCIT:C25228<;>NCIT:C12353<;>NCIT:C12355","NCIT"
"RIGHT THIGH","Right Thigh","NCIT:C105637","NCIT"
"RIGHT UPPER LOBE","Upper Lobe of the Right Lung","NCIT:C33023","NCIT"
"RIGHT UPPER QUADRANT","Right Upper Quadrant of Abdomen","NCIT:C151398","NCIT"
"RIGHT_ILIAC_BONE","Right<;>Ilium","NCIT:C25228<;>NCIT:C32765","NCIT"
"SACRAL LUMBAR SPINAL","Sacrum<;>Lumbar Spine","NCIT:C33508<;>NCIT:C69314","NCIT"
"SACRAL REGION","Sacrum","NCIT:C33508","NCIT"
"SACRAL_MASS","Sacrum","NCIT:C33508","NCIT"
"SALIVARY GLAND","Salivary Gland","NCIT:C12426","NCIT"
"SALVAGE PROSTATECTOMY","Prostate Gland","NCIT:C12410","NCIT"
"SCALP METASTASIS","Scalp<;>Metastasis","NCIT:C89807<;>NCIT:C19151","NCIT"
"SCROTUM","Scrotum","NCIT:C12785","NCIT"
"SHOULDER/AXILLA","Shoulder<;>Axilla","NCIT:C25203<;>NCIT:C12674","NCIT"
"SIGMOID COLON","Sigmoid Colon","NCIT:C12384","NCIT"
"SINONASAL","Sinonasal Tract","NCIT:C54292","NCIT"
"SINONASAL CAVITY","Nasal Cavity<;>Paranasal Sinus","NCIT:C12424<;>NCIT:C12763","NCIT"
"SKIN","Skin","NCIT:C12470","NCIT"
"SKIN AND BREAST METASTASIS","Skin<;>Breast<;>Metastasis","NCIT:C12470<;>NCIT:C12971<;>NCIT:C19151","NCIT"
"SKIN METASTASIS","Skin<;>Metastasis","NCIT:C12470<;>NCIT:C19151","NCIT"
"SKIN NODULE","Skin Nodule","NCIT:C3373","NCIT"
"SKIN NODULES","Skin","NCIT:C12470","NCIT"
"SKIN/CHEST WALL METASTASIS","Skin<;>Chest Wall<;>Metastasis","NCIT:C12470<;>NCIT:C62484<;>NCIT:C19151","NCIT"
"SKULL","Skull","NCIT:C12789","NCIT"
"SKULL BASE","Base of the Skull","NCIT:C12493","NCIT"
"SKULL, LIVER, PULMONARY PARENCHYNA","Liver<;>Skull<;>Lung Parenchyma Tumor Location","NCIT:C12392<;>NCIT:C12789<;>NCIT:C159210","NCIT"
"SMALL BOWEL","Small Intestine","NCIT:C12386","NCIT"
"SMALL BOWEL MASS","Small Intestine","NCIT:C12386","NCIT"
"SMALL BOWEL MELANOMA","Small Intestine","NCIT:C12386","NCIT"
"SMALL BOWEL METASTASIS","Small Intestine<;>Metastasis","NCIT:C12386<;>NCIT:C19151","NCIT"
"SMALL BOWEL NONRESPONDING METASTASIS","Small Intestine<;>Metastasis","NCIT:C12386<;>NCIT:C19151","NCIT"
"SMALL BOWEL RESECTION","Small Intestine Resection","NCIT:C51510","NCIT"
"SMALL INTESTINE","Small Intestine","NCIT:C12386","NCIT"
"SOFT PALATE","Soft Palate","NCIT:C12231","NCIT"
"SOFT TISSUE","Soft Tissue","NCIT:C12471","NCIT"
"SOFT TISSUE METASTASIS","Soft Tissue<;>Metastasis","NCIT:C12471<;>NCIT:C19151","NCIT"
"SOFT TISSUE RIGHT PARA ILIAC","Soft Tissue<;>Right<;>Ilium","NCIT:C12471<;>NCIT:C25228<;>NCIT:C32765","NCIT"
"SOFT TISSUE THORACIC DIAPHRAGM","Soft Tissue<;>Thorax<;>Diaphragm","NCIT:C12471<;>NCIT:C12799<;>NCIT:C12702","NCIT"
"SOFT TISSUEBONESCAPULA","Soft Tissue<;>Bone<;>Scapula","NCIT:C12471<;>NCIT:C12366<;>NCIT:C12783","NCIT"
"SOFT_TISSUE","Soft Tissue","NCIT:C12471","NCIT"
"SPERMATIC CORD","Spermatic Cord","NCIT:C12329","NCIT"
"SPINAL","Spinal","NCIT:C38026","NCIT"
"SPINAL CORD- CERVICAL","Cervical Spinal Cord","NCIT:C12892","NCIT"
"SPINAL CORD- CERVICAL,SPINAL CORD- THORACIC","Cervical Spinal Cord<;>Thoracic Spine","NCIT:C12892<;>NCIT:C69315","NCIT"
"SPINAL CORD- LUMBAR/THECAL SAC","Lumbar Spine<;>Spinal Cord Dura Mater","NCIT:C69314<;>NCIT:C49799","NCIT"
"SPINAL CORD- LUMBAR/THECAL SAC,SPINAL CORD- THORACIC","Lumbar Spine<;>Spinal Cord Dura Mater<;>Thoracic Spine","NCIT:C69314<;>NCIT:C49799<;>NCIT:C69315","NCIT"
"SPINE","Vertebral Column","NCIT:C12998","NCIT"
"SPLEEN","Spleen","NCIT:C12432","NCIT"
"SPLENIC CAPSULE","Splenic Capsule","NCIT:C33598","NCIT"
"SPLENIC FLEXURE","Splenic Flexure","NCIT:C12267","NCIT"
"SPLENIC FLEXURE TO SIGMOID COLON","Splenic Flexure<;>Descending Colon<;>Sigmoid Colon","NCIT:C12267<;>NCIT:C12268<;>NCIT:C12384","NCIT"
"SPLENIC METASTASIS","Spleen<;>Metastasis","NCIT:C12432<;>NCIT:C19151","NCIT"
"STERNUM","Sternum","NCIT:C12793","NCIT"
"STOMACH","Stomach","NCIT:C12391","NCIT"
"SUBLINGUAL GLAND","Sublingual Salivary Gland","NCIT:C12234","NCIT"
"SUBMANDIBULAR GLAND","Submandibular Gland","NCIT:C12233","NCIT"
"SUPERFICIAL TRUNK - ABDOMINAL WALL","Skin of the Trunk<;>Abdominal Wall","NCIT:C12295<;>NCIT:C77608","NCIT"
"SUPERFICIAL TRUNK - BACK","Skin of the Trunk<;>Back","NCIT:C12295<;>NCIT:C13062","NCIT"
"SUPERFICIAL TRUNK - BUTTOCK","Skin of the Trunk<;>Buttock","NCIT:C12295<;>NCIT:C89806","NCIT"
"SUPERFICIAL TRUNK - FLANK","Skin of the Trunk<;>Flank","NCIT:C12295<;>NCIT:C93028","NCIT"
"SUPERIOR MESENTERIC ARTERY LYMPH NODE","Superior<;>Mesenteric Lymph Node","NCIT:C25235<;>NCIT:C77641","NCIT"
"SUPRASELLAR/HYPOTHALAMIC/PITUITARY","Suprasellar<;>Hypothalamus<;>Pituitary Gland","NCIT:C95445<;>NCIT:C12458<;>NCIT:C12399","NCIT"
"SUPRATENTORIAL","Supratentorial","NCIT:C12923","NCIT"
"SUPRATENTORIAL, FRONTAL LOBE","Supratentorial<;>Frontal Lobe","NCIT:C12923<;>NCIT:C12352","NCIT"
"SUPRATENTORIAL, NOT OTHERWISE SPECIFIED","Supratentorial","NCIT:C12923","NCIT"
"SUPRATENTORIAL, OCCIPITAL LOBE","Supratentorial<;>Occipital Lobe","NCIT:C12923<;>NCIT:C12355","NCIT"
"SUPRATENTORIAL, PARIETAL LOBE","Supratentorial<;>Parietal Lobe","NCIT:C12923<;>NCIT:C12354","NCIT"
"SUPRATENTORIAL, TEMPORAL LOBE","Supratentorial<;>Temporal Lobe","NCIT:C12923<;>NCIT:C12353","NCIT"
"T10 EPIDURAL TUMOR","T10 Vertebra","NCIT:C33721","NCIT"
"T2 EPIDURAL TUMOR","T2 Vertebra","NCIT:C33724","NCIT"
"T3 EPIDURAL TUMOR","T3 Vertebra","NCIT:C33725","NCIT"
"T5 EPIDURAL TUMOR","T5 Vertebra","NCIT:C33727","NCIT"
"T5-T6 EPIDURAL TUMOR","T5 Vertebra<;>T6 Vertebra","NCIT:C33727<;>NCIT:C33728","NCIT"
"T8 EPIDURAL TUMOR","T8 Vertebra","NCIT:C33730","NCIT"
"T9-T10 EPIDURAL TUMOR","T9 Vertebra<;>T10 Vertebra","NCIT:C33731<;>NCIT:C33721","NCIT"
"TAIL","Tail of the Pancreas","NCIT:C12271","NCIT"
"TAIL AND HEAD","Head of the Pancreas<;>Tail of the Pancreas","NCIT:C12269<;>NCIT:C12271","NCIT"
"TEMPORAL","Temporal","NCIT:C73990","NCIT"
"TEMPORAL - ANTERIOR","Temporal Lobe<;>Anterior","NCIT:C12353<;>NCIT:C25231","NCIT"
"TEMPORAL LOBE","Temporal Lobe","NCIT:C12353","NCIT"
"TEMPORAL LOBE AND BASAL GANGLIA AND THALAMUS","Temporal Lobe<;>Basal Ganglia","NCIT:C12353<;>NCIT:C12447","NCIT"
"TEMPORAL LOBE,THALAMUS,VENTRICLES","Temporal Lobe<;>Thalamus<;>Brain Ventricle","NCIT:C12353<;>NCIT:C12459<;>NCIT:C12356","NCIT"
"TEMPORAL, PARIETAL LOBE, AND LATERAL VENTRICLE","Lateral Ventricle<;>Parietal Lobe<;>Temporal Lobe","NCIT:C12834<;>NCIT:C12354<;>NCIT:C12353","NCIT"
"TEMPORALIS MUSCLE","Temporal Muscle","NCIT:C33743","NCIT"
"TERMIL ILEUM","Terminal Ileum","NCIT:C33757","NCIT"
"TESTES","Testis","NCIT:C12412","NCIT"
"TESTIS","Testis","NCIT:C12412","NCIT"
"TESTIS-PA RATESTIS","Testis<;>Paratesticular Region","NCIT:C12412<;>NCIT:C162491","NCIT"
"TESTIS-PARATESTIS","Testis<;>Paratesticular Region","NCIT:C12412<;>NCIT:C162491","NCIT"
"THALAMIC/CORTICAL","Thalamus<;>Cerebral Cortex","NCIT:C12459<;>NCIT:C12443","NCIT"
"THALAMUS","Thalamus","NCIT:C12459","NCIT"
"THIGH/KNEE","Thigh<;>Knee Joint","NCIT:C33763<;>NCIT:C32898","NCIT"
"THORACIC","Thorax","NCIT:C12799","NCIT"
"THORACIC EPIDURAL","Thorax<;>Epidural Spinal Canal Space","NCIT:C12799<;>NCIT:C41449","NCIT"
"THORACIC EXTRA ADRENAL PGL","Extra-Adrenal<;>Thoracic","NCIT:C103852<;>NCIT:C13360","NCIT"
"THORACIC MEDIASTINAL EXTRA ADRENAL PGL","Thoracic<;>Mediastinal<;>Extra-Adrenal","NCIT:C13360<;>NCIT:C25310<;>NCIT:C103852","NCIT"
"THORACIC PARASPINAL EXTRA ADRENAL PGL","Thoracic<;>Paraspinal<;>Extra-Adrenal","NCIT:C13360<;>NCIT:C129461<;>NCIT:C103852","NCIT"
"THROACIC EIPDURAL PARAGANGLIOMA","Thorax<;>Epidural Spinal Canal Space","NCIT:C12799<;>NCIT:C41449","NCIT"
"THYMUS","Thymus Gland","NCIT:C12433","NCIT"
"THYROID","Thyroid Gland","NCIT:C12400","NCIT"
"TISSUE","Tissue","NCIT:C12801","NCIT"
"TONGUE","Tongue","NCIT:C12422","NCIT"
"TRACHEA","Trachea","NCIT:C12428","NCIT"
"TRANSVERSE COLON","Transverse Colon","NCIT:C12385","NCIT"
"TRANVERSE COLON","Transverse Colon","NCIT:C12385","NCIT"
"TRUNK","Trunk","NCIT:C33816","NCIT"
"TRUNK[NOT AVAILABLE]","Trunk","NCIT:C33816","NCIT"
"TRUNKEXTREMITIES","Trunk<;>Limb","NCIT:C33816<;>NCIT:C12429","NCIT"
"TUMOR EXTENTION INTO BONE","Bone","NCIT:C12366","NCIT"
"U","Upper<;>Stomach","NCIT:C25355<;>NCIT:C12391","NCIT"
"UPPER","Upper","NCIT:C25355","NCIT"
"UPPER 1/3","Upper<;>Stomach","NCIT:C25355<;>NCIT:C12391","NCIT"
"UPPER ARM/ELBOW","Upper<;>Arm<;>Elbow Joint","NCIT:C25355<;>NCIT:C32141<;>NCIT:C32497","NCIT"
"UPPER BACK METASTASIS","Upper<;>Back<;>Metastasis","NCIT:C25355<;>NCIT:C13062<;>NCIT:C19151","NCIT"
"UPPER EXTREMITY - SHOULDER/AXILLA","Upper Extremity<;>Shoulder<;>Axilla","NCIT:C12671<;>NCIT:C25203<;>NCIT:C12674","NCIT"
"UPPER EXTREMITY - UPPER ARM/ELBOW","Upper Extremity<;>Upper<;>Arm<;>Elbow Joint","NCIT:C12671<;>NCIT:C25355<;>NCIT:C32141<;>NCIT:C32497","NCIT"
"UPPER RECTUM","Rectum<;>Upper","NCIT:C12390<;>NCIT:C25355","NCIT"
"UPPER RECTUM/DISTAL SIGMOID","Sigmoid Colon<;>Rectum<;>Upper","NCIT:C12384<;>NCIT:C12390<;>NCIT:C25355","NCIT"
"UPPER_TRACT","Upper Urinary System","NCIT:C142328","NCIT"
"URETER","Ureter","NCIT:C12416","NCIT"
"URETER; BLADDER","Bladder<;>Ureter","NCIT:C12414<;>NCIT:C12416","NCIT"
"URETER; RENAL PELVIS","Ureter<;>Renal Pelvis","NCIT:C12416<;>NCIT:C12887","NCIT"
"URETER; RENAL PELVIS; BLADDER","Bladder<;>Ureter<;>Renal Pelvis","NCIT:C12414<;>NCIT:C12416<;>NCIT:C12887","NCIT"
"URETHER","Ureter","NCIT:C12416","NCIT"
"URETHRA","Urethra","NCIT:C12417","NCIT"
"UTERUS","Uterus","NCIT:C12405","NCIT"
"VAGINA","Vagina","NCIT:C12407","NCIT"
"VENTRICLES","Brain Ventricle","NCIT:C12356","NCIT"
"VERY DISTAL RECTUM RECURRENCE","Rectum<;>Distal","NCIT:C12390<;>NCIT:C25237","NCIT"
"VETEBRAL METASTASOS","Vertebra<;>Metastasis","NCIT:C12933<;>NCIT:C19151","NCIT"
"VULVA","Vulva","NCIT:C12408","NCIT"
"VULVA, LYMPH NODE","Vulva<;>Lymph Node","NCIT:12408<;>NCIT:C12745","NCIT"
